2026-08-27 11:04:32,693 [ERROR] TradingEngine: [MeanReversion] Order execution failed for BTCUSDC: APIError(code=-1111): Parameter 'quantity' has too much precision.
2026-08-27 11:04:50,192 [ERROR] TradingEngine: [MeanReversion] Order execution failed for BTCUSDC: APIError(code=-1111): Parameter 'quantity' has too much precision.
2026-08-27 11:05:07,636 [ERROR] TradingEngine: [MeanReversion] Order execution failed for BTCUSDC: APIError(code=-1111): Parameter 'quantity' has too much precision.
2026-08-27 11:05:25,400 [ERROR] TradingEngine: [MeanReversion] Order execution failed for BTCUSDC: APIError(code=-1111): Parameter 'quantity' has too much precision.
2026-08-27 11:06:34,605 [ERROR] TradingEngine: [MeanReversion] Order execution failed for BNBUSDC: APIError(code=-1111): Parameter 'quantity' has too much precision.
2026-08-27 11:06:52,239 [ERROR] TradingEngine: [MeanReversion] Order execution failed for BNBUSDC: APIError(code=-1111): Parameter 'quantity' has too much precision.
2026-08-27 11:07:09,785 [ERROR] TradingEngine: [MeanReversion] Order execution failed for BTCUSDC: APIError(code=-1111): Parameter 'quantity' has too much precision.
2026-08-27 11:07:10,049 [ERROR] TradingEngine: [MeanReversion] Order execution failed for BNBUSDC: APIError(code=-1111): Parameter 'quantity' has too much precision.
2026-08-27 11:07:27,969 [ERROR] TradingEngine: [MeanReversion] Order execution failed for BTCUSDC: APIError(code=-1111): Parameter 'quantity' has too much precision.
2026-08-27 11:07:28,231 [ERROR] TradingEngine: [MeanReversion] Order execution failed for BNBUSDC: APIError(code=-1111): Parameter 'quantity' has too much precision.
2026-08-27 11:07:45,669 [ERROR] TradingEngine: [MeanReversion] Order execution failed for BTCUSDC: APIError(code=-1111): Parameter 'quantity' has too much precision.
2026-08-27 11:07:45,934 [ERROR] TradingEngine: [MeanReversion] Order execution failed for BNBUSDC: APIError(code=-1111): Parameter 'quantity' has too much precision.
2026-08-27 11:08:03,632 [ERROR] TradingEngine: [MeanReversion] Order execution failed for BTCUSDC: APIError(code=-1111): Parameter 'quantity' has too much precision.
2026-08-27 11:08:03,894 [ERROR] TradingEngine: [MeanReversion] Order execution failed for BNBUSDC: APIError(code=-1111): Parameter 'quantity' has too much precision.
2026-08-27 11:08:21,679 [ERROR] TradingEngine: [MeanReversion] Order execution failed for BTCUSDC: APIError(code=-1111): Parameter 'quantity' has too much precision.
2026-08-27 11:08:21,943 [ERROR] TradingEngine: [MeanReversion] Order execution failed for BNBUSDC: APIError(code=-1111): Parameter 'quantity' has too much precision.
2026-08-27 11:08:39,442 [ERROR] TradingEngine: [MeanReversion] Order execution failed for BTCUSDC: APIError(code=-1111): Parameter 'quantity' has too much precision.
2026-08-27 11:08:39,703 [ERROR] TradingEngine: [MeanReversion] Order execution failed for BNBUSDC: APIError(code=-1111): Parameter 'quantity' has too much precision.
2026-08-27 11:08:57,203 [ERROR] TradingEngine: [MeanReversion] Order execution failed for BTCUSDC: APIError(code=-1111): Parameter 'quantity' has too much precision.
2026-08-27 11:08:57,465 [ERROR] TradingEngine: [MeanReversion] Order execution failed for BNBUSDC: APIError(code=-1111): Parameter 'quantity' has too much precision.
2026-08-27 11:09:14,908 [ERROR] TradingEngine: [MeanReversion] Order execution failed for BTCUSDC: APIError(code=-1111): Parameter 'quantity' has too much precision.
2026-08-27 11:09:15,171 [ERROR] TradingEngine: [MeanReversion] Order execution failed for BNBUSDC: APIError(code=-1111): Parameter 'quantity' has too much precision.
2026-08-27 11:09:32,621 [ERROR] TradingEngine: [MeanReversion] Order execution failed for BTCUSDC: APIError(code=-1111): Parameter 'quantity' has too much precision.
2026-08-27 11:09:32,883 [ERROR] TradingEngine: [MeanReversion] Order execution failed for BNBUSDC: APIError(code=-1111): Parameter 'quantity' has too much precision.
2026-08-27 11:09:50,809 [ERROR] TradingEngine: [MeanReversion] Order execution failed for BTCUSDC: APIError(code=-1111): Parameter 'quantity' has too much precision.
2026-08-27 11:09:51,073 [ERROR] TradingEngine: [MeanReversion] Order execution failed for ETHUSDC: APIError(code=-1111): Parameter 'quantity' has too much precision.
2026-08-27 11:09:51,335 [ERROR] TradingEngine: [MeanReversion] Order execution failed for SOLUSDC: APIError(code=-1111): Parameter 'quantity' has too much precision.
2026-08-27 11:09:51,599 [ERROR] TradingEngine: [MeanReversion] Order execution failed for BNBUSDC: APIError(code=-1111): Parameter 'quantity' has too much precision.
2026-08-27 11:10:09,232 [ERROR] TradingEngine: [MeanReversion] Order execution failed for BTCUSDC: APIError(code=-1111): Parameter 'quantity' has too much precision.
2026-08-27 11:10:09,495 [ERROR] TradingEngine: [MeanReversion] Order execution failed for ETHUSDC: APIError(code=-1111): Parameter 'quantity' has too much precision.
2026-08-27 11:10:09,759 [ERROR] TradingEngine: [MeanReversion] Order execution failed for SOLUSDC: APIError(code=-1111): Parameter 'quantity' has too much precision.
2026-08-27 11:10:10,021 [ERROR] TradingEngine: [MeanReversion] Order execution failed for BNBUSDC: APIError(code=-1111): Parameter 'quantity' has too much precision.
2026-08-27 11:10:27,564 [ERROR] TradingEngine: [MeanReversion] Order execution failed for BTCUSDC: APIError(code=-1111): Parameter 'quantity' has too much precision.
2026-08-27 11:10:27,827 [ERROR] TradingEngine: [MeanReversion] Order execution failed for ETHUSDC: APIError(code=-1111): Parameter 'quantity' has too much precision.
2026-08-27 11:10:28,089 [ERROR] TradingEngine: [MeanReversion] Order execution failed for SOLUSDC: APIError(code=-1111): Parameter 'quantity' has too much precision.
2026-08-27 11:10:28,367 [ERROR] TradingEngine: [MeanReversion] Order execution failed for BNBUSDC: APIError(code=-1111): Parameter 'quantity' has too much precision.
2026-08-27 11:10:46,157 [ERROR] TradingEngine: [MeanReversion] Order execution failed for BTCUSDC: APIError(code=-1111): Parameter 'quantity' has too much precision.
2026-08-27 11:10:46,420 [ERROR] TradingEngine: [MeanReversion] Order execution failed for ETHUSDC: APIError(code=-1111): Parameter 'quantity' has too much precision.
2026-08-27 11:10:47,165 [ERROR] TradingEngine: [MeanReversion] Order execution failed for SOLUSDC: APIError(code=-1111): Parameter 'quantity' has too much precision.
2026-08-27 11:10:47,430 [ERROR] TradingEngine: [MeanReversion] Order execution failed for BNBUSDC: APIError(code=-1111): Parameter 'quantity' has too much precision.
2026-08-27 11:11:04,960 [ERROR] TradingEngine: [MeanReversion] Order execution failed for BTCUSDC: APIError(code=-1111): Parameter 'quantity' has too much precision.
2026-08-27 11:11:05,222 [ERROR] TradingEngine: [MeanReversion] Order execution failed for ETHUSDC: APIError(code=-1111): Parameter 'quantity' has too much precision.
2026-08-27 11:11:05,486 [ERROR] TradingEngine: [MeanReversion] Order execution failed for SOLUSDC: APIError(code=-1111): Parameter 'quantity' has too much precision.
2026-08-27 11:11:05,761 [ERROR] TradingEngine: [MeanReversion] Order execution failed for BNBUSDC: APIError(code=-1111): Parameter 'quantity' has too much precision.
2026-08-27 11:11:23,275 [ERROR] TradingEngine: [MeanReversion] Order execution failed for BTCUSDC: APIError(code=-1111): Parameter 'quantity' has too much precision.
2026-08-27 11:11:23,537 [ERROR] TradingEngine: [MeanReversion] Order execution failed for ETHUSDC: APIError(code=-1111): Parameter 'quantity' has too much precision.
2026-08-27 11:11:23,802 [ERROR] TradingEngine: [MeanReversion] Order execution failed for SOLUSDC: APIError(code=-1111): Parameter 'quantity' has too much precision.
2026-08-27 11:11:24,085 [ERROR] TradingEngine: [MeanReversion] Order execution failed for BNBUSDC: APIError(code=-1111): Parameter 'quantity' has too much precision.
2026-08-27 11:11:41,825 [ERROR] TradingEngine: [MeanReversion] Order execution failed for BTCUSDC: APIError(code=-1111): Parameter 'quantity' has too much precision.
2026-08-27 11:11:42,088 [ERROR] TradingEngine: [MeanReversion] Order execution failed for ETHUSDC: APIError(code=-1111): Parameter 'quantity' has too much precision.
2026-08-27 11:11:42,350 [ERROR] TradingEngine: [MeanReversion] Order execution failed for SOLUSDC: APIError(code=-1111): Parameter 'quantity' has too much precision.
2026-08-27 11:11:42,614 [ERROR] TradingEngine: [MeanReversion] Order execution failed for BNBUSDC: APIError(code=-1111): Parameter 'quantity' has too much precision.
2026-08-27 11:12:00,367 [ERROR] TradingEngine: [MeanReversion] Order execution failed for BTCUSDC: APIError(code=-1111): Parameter 'quantity' has too much precision.
2026-08-27 11:12:00,628 [ERROR] TradingEngine: [MeanReversion] Order execution failed for ETHUSDC: APIError(code=-1111): Parameter 'quantity' has too much precision.
2026-08-27 11:12:00,890 [ERROR] TradingEngine: [MeanReversion] Order execution failed for SOLUSDC: APIError(code=-1111): Parameter 'quantity' has too much precision.
2026-08-27 11:12:01,160 [ERROR] TradingEngine: [MeanReversion] Order execution failed for BNBUSDC: APIError(code=-1111): Parameter 'quantity' has too much precision.
2026-08-27 11:12:18,587 [ERROR] TradingEngine: [MeanReversion] Order execution failed for BTCUSDC: APIError(code=-1111): Parameter 'quantity' has too much precision.
2026-08-27 11:12:18,850 [ERROR] TradingEngine: [MeanReversion] Order execution failed for ETHUSDC: APIError(code=-1111): Parameter 'quantity' has too much precision.
2026-08-27 11:12:19,115 [ERROR] TradingEngine: [MeanReversion] Order execution failed for SOLUSDC: APIError(code=-1111): Parameter 'quantity' has too much precision.
2026-08-27 11:12:19,379 [ERROR] TradingEngine: [MeanReversion] Order execution failed for BNBUSDC: APIError(code=-1111): Parameter 'quantity' has too much precision.
2026-08-27 11:12:37,107 [ERROR] TradingEngine: [MeanReversion] Order execution failed for BTCUSDC: APIError(code=-1111): Parameter 'quantity' has too much precision.
2026-08-27 11:12:37,369 [ERROR] TradingEngine: [MeanReversion] Order execution failed for ETHUSDC: APIError(code=-1111): Parameter 'quantity' has too much precision.
2026-08-27 11:12:38,042 [ERROR] TradingEngine: [MeanReversion] Order execution failed for SOLUSDC: APIError(code=-1111): Parameter 'quantity' has too much precision.
2026-08-27 11:12:38,306 [ERROR] TradingEngine: [MeanReversion] Order execution failed for BNBUSDC: APIError(code=-1111): Parameter 'quantity' has too much precision.
2026-08-27 11:12:55,800 [ERROR] TradingEngine: [MeanReversion] Order execution failed for BTCUSDC: APIError(code=-1111): Parameter 'quantity' has too much precision.
2026-08-27 11:12:56,063 [ERROR] TradingEngine: [MeanReversion] Order execution failed for ETHUSDC: APIError(code=-1111): Parameter 'quantity' has too much precision.
2026-08-27 11:12:56,326 [ERROR] TradingEngine: [MeanReversion] Order execution failed for SOLUSDC: APIError(code=-1111): Parameter 'quantity' has too much precision.
2026-08-27 11:12:56,588 [ERROR] TradingEngine: [MeanReversion] Order execution failed for BNBUSDC: APIError(code=-1111): Parameter 'quantity' has too much precision.
2026-08-27 11:13:14,142 [ERROR] TradingEngine: [MeanReversion] Order execution failed for BTCUSDC: APIError(code=-1111): Parameter 'quantity' has too much precision.
2026-08-27 11:13:14,405 [ERROR] TradingEngine: [MeanReversion] Order execution failed for ETHUSDC: APIError(code=-1111): Parameter 'quantity' has too much precision.
2026-08-27 11:13:14,667 [ERROR] TradingEngine: [MeanReversion] Order execution failed for SOLUSDC: APIError(code=-1111): Parameter 'quantity' has too much precision.
2026-08-27 11:13:14,929 [ERROR] TradingEngine: [MeanReversion] Order execution failed for BNBUSDC: APIError(code=-1111): Parameter 'quantity' has too much precision.
2026-08-27 11:13:32,675 [ERROR] TradingEngine: [MeanReversion] Order execution failed for BTCUSDC: APIError(code=-1111): Parameter 'quantity' has too much precision.
2026-08-27 11:13:32,939 [ERROR] TradingEngine: [MeanReversion] Order execution failed for ETHUSDC: APIError(code=-1111): Parameter 'quantity' has too much precision.
2026-08-27 11:13:33,203 [ERROR] TradingEngine: [MeanReversion] Order execution failed for SOLUSDC: APIError(code=-1111): Parameter 'quantity' has too much precision.
2026-08-27 11:13:33,465 [ERROR] TradingEngine: [MeanReversion] Order execution failed for BNBUSDC: APIError(code=-1111): Parameter 'quantity' has too much precision.
2026-08-27 11:13:50,969 [ERROR] TradingEngine: [MeanReversion] Order execution failed for BTCUSDC: APIError(code=-1111): Parameter 'quantity' has too much precision.
2026-08-27 11:13:51,235 [ERROR] TradingEngine: [MeanReversion] Order execution failed for SOLUSDC: APIError(code=-1111): Parameter 'quantity' has too much precision.
2026-08-27 11:13:51,498 [ERROR] TradingEngine: [MeanReversion] Order execution failed for BNBUSDC: APIError(code=-1111): Parameter 'quantity' has too much precision.
2026-08-27 11:14:09,001 [ERROR] TradingEngine: [MeanReversion] Order execution failed for BTCUSDC: APIError(code=-1111): Parameter 'quantity' has too much precision.
2026-08-27 11:14:09,265 [ERROR] TradingEngine: [MeanReversion] Order execution failed for SOLUSDC: APIError(code=-1111): Parameter 'quantity' has too much precision.
2026-08-27 11:14:09,528 [ERROR] TradingEngine: [MeanReversion] Order execution failed for BNBUSDC: APIError(code=-1111): Parameter 'quantity' has too much precision.
2026-08-27 11:14:27,306 [ERROR] TradingEngine: [MeanReversion] Order execution failed for BTCUSDC: APIError(code=-1111): Parameter 'quantity' has too much precision.
2026-08-27 11:14:27,569 [ERROR] TradingEngine: [MeanReversion] Order execution failed for BNBUSDC: APIError(code=-1111): Parameter 'quantity' has too much precision.
2026-08-27 11:14:45,138 [ERROR] TradingEngine: [MeanReversion] Order execution failed for BTCUSDC: APIError(code=-1111): Parameter 'quantity' has too much precision.
2026-08-27 11:14:45,401 [ERROR] TradingEngine: [MeanReversion] Order execution failed for BNBUSDC: APIError(code=-1111): Parameter 'quantity' has too much precision.
2026-08-27 11:22:35,205 [ERROR] TradingEngine: [MeanReversion] Order execution failed for BTCUSDC: APIError(code=-1111): Parameter 'quantity' has too much precision.
2026-08-27 11:22:52,917 [ERROR] TradingEngine: [MeanReversion] Order execution failed for BTCUSDC: APIError(code=-1111): Parameter 'quantity' has too much precision.
2026-08-27 11:23:10,717 [ERROR] TradingEngine: [MeanReversion] Order execution failed for BTCUSDC: APIError(code=-1111): Parameter 'quantity' has too much precision.
2026-08-27 11:23:10,979 [ERROR] TradingEngine: [MeanReversion] Order execution failed for SOLUSDC: APIError(code=-1111): Parameter 'quantity' has too much precision.
2026-08-27 11:23:28,493 [ERROR] TradingEngine: [MeanReversion] Order execution failed for BTCUSDC: APIError(code=-1111): Parameter 'quantity' has too much precision.
2026-08-27 11:23:28,756 [ERROR] TradingEngine: [MeanReversion] Order execution failed for SOLUSDC: APIError(code=-1111): Parameter 'quantity' has too much precision.
2026-08-27 11:23:46,498 [ERROR] TradingEngine: [MeanReversion] Order execution failed for SOLUSDC: APIError(code=-1111): Parameter 'quantity' has too much precision.
2026-08-27 11:24:03,940 [ERROR] TradingEngine: [MeanReversion] Order execution failed for BTCUSDC: APIError(code=-1111): Parameter 'quantity' has too much precision.
2026-08-27 11:24:04,204 [ERROR] TradingEngine: [MeanReversion] Order execution failed for SOLUSDC: APIError(code=-1111): Parameter 'quantity' has too much precision.
2026-08-27 11:24:21,938 [ERROR] TradingEngine: [MeanReversion] Order execution failed for BTCUSDC: APIError(code=-1111): Parameter 'quantity' has too much precision.
2026-08-27 11:24:22,207 [ERROR] TradingEngine: [MeanReversion] Order execution failed for SOLUSDC: APIError(code=-1111): Parameter 'quantity' has too much precision.
2026-08-27 11:24:39,737 [ERROR] TradingEngine: [MeanReversion] Order execution failed for BTCUSDC: APIError(code=-1111): Parameter 'quantity' has too much precision.
2026-08-27 11:24:39,999 [ERROR] TradingEngine: [MeanReversion] Order execution failed for SOLUSDC: APIError(code=-1111): Parameter 'quantity' has too much precision.
2026-08-27 11:24:57,768 [ERROR] TradingEngine: [MeanReversion] Order execution failed for BTCUSDC: APIError(code=-1111): Parameter 'quantity' has too much precision.
2026-08-27 11:24:58,031 [ERROR] TradingEngine: [MeanReversion] Order execution failed for SOLUSDC: APIError(code=-1111): Parameter 'quantity' has too much precision.
2026-08-27 11:25:15,535 [ERROR] TradingEngine: [MeanReversion] Order execution failed for BTCUSDC: APIError(code=-1111): Parameter 'quantity' has too much precision.
2026-08-27 11:25:15,797 [ERROR] TradingEngine: [MeanReversion] Order execution failed for SOLUSDC: APIError(code=-1111): Parameter 'quantity' has too much precision.
2026-08-27 11:25:33,302 [ERROR] TradingEngine: [MeanReversion] Order execution failed for BTCUSDC: APIError(code=-1111): Parameter 'quantity' has too much precision.
2026-08-27 11:25:33,566 [ERROR] TradingEngine: [MeanReversion] Order execution failed for SOLUSDC: APIError(code=-1111): Parameter 'quantity' has too much precision.
2026-08-27 11:25:51,067 [ERROR] TradingEngine: [MeanReversion] Order execution failed for BTCUSDC: APIError(code=-1111): Parameter 'quantity' has too much precision.
2026-08-27 11:25:51,329 [ERROR] TradingEngine: [MeanReversion] Order execution failed for SOLUSDC: APIError(code=-1111): Parameter 'quantity' has too much precision.
2026-08-27 11:25:51,590 [ERROR] TradingEngine: [MeanReversion] Order execution failed for BNBUSDC: APIError(code=-1111): Parameter 'quantity' has too much precision.
2026-08-27 11:26:09,123 [ERROR] TradingEngine: [MeanReversion] Order execution failed for BTCUSDC: APIError(code=-1111): Parameter 'quantity' has too much precision.
2026-08-27 11:26:09,387 [ERROR] TradingEngine: [MeanReversion] Order execution failed for SOLUSDC: APIError(code=-1111): Parameter 'quantity' has too much precision.
2026-08-27 11:26:09,650 [ERROR] TradingEngine: [MeanReversion] Order execution failed for BNBUSDC: APIError(code=-1111): Parameter 'quantity' has too much precision.
2026-08-27 11:26:27,183 [ERROR] TradingEngine: [MeanReversion] Order execution failed for BTCUSDC: APIError(code=-1111): Parameter 'quantity' has too much precision.
2026-08-27 11:26:27,777 [ERROR] TradingEngine: [MeanReversion] Order execution failed for ETHUSDC: APIError(code=-1111): Parameter 'quantity' has too much precision.
2026-08-27 11:26:28,040 [ERROR] TradingEngine: [MeanReversion] Order execution failed for SOLUSDC: APIError(code=-1111): Parameter 'quantity' has too much precision.
2026-08-27 11:26:28,302 [ERROR] TradingEngine: [MeanReversion] Order execution failed for BNBUSDC: APIError(code=-1111): Parameter 'quantity' has too much precision.
2026-08-27 11:26:45,856 [ERROR] TradingEngine: [MeanReversion] Order execution failed for BTCUSDC: APIError(code=-1111): Parameter 'quantity' has too much precision.
2026-08-27 11:26:46,119 [ERROR] TradingEngine: [MeanReversion] Order execution failed for ETHUSDC: APIError(code=-1111): Parameter 'quantity' has too much precision.
2026-08-27 11:26:46,385 [ERROR] TradingEngine: [MeanReversion] Order execution failed for SOLUSDC: APIError(code=-1111): Parameter 'quantity' has too much precision.
2026-08-27 11:26:46,651 [ERROR] TradingEngine: [MeanReversion] Order execution failed for BNBUSDC: APIError(code=-1111): Parameter 'quantity' has too much precision.
2026-08-27 11:27:04,880 [ERROR] TradingEngine: [MeanReversion] Order execution failed for BTCUSDC: APIError(code=-1111): Parameter 'quantity' has too much precision.
2026-08-27 11:27:05,142 [ERROR] TradingEngine: [MeanReversion] Order execution failed for ETHUSDC: APIError(code=-1111): Parameter 'quantity' has too much precision.
2026-08-27 11:27:05,405 [ERROR] TradingEngine: [MeanReversion] Order execution failed for SOLUSDC: APIError(code=-1111): Parameter 'quantity' has too much precision.
2026-08-27 11:27:06,147 [ERROR] TradingEngine: [MeanReversion] Order execution failed for BNBUSDC: APIError(code=-1111): Parameter 'quantity' has too much precision.
2026-08-27 11:27:23,941 [ERROR] TradingEngine: [MeanReversion] Order execution failed for BTCUSDC: APIError(code=-1111): Parameter 'quantity' has too much precision.
2026-08-27 11:27:24,203 [ERROR] TradingEngine: [MeanReversion] Order execution failed for ETHUSDC: APIError(code=-1111): Parameter 'quantity' has too much precision.
2026-08-27 11:27:24,467 [ERROR] TradingEngine: [MeanReversion] Order execution failed for SOLUSDC: APIError(code=-1111): Parameter 'quantity' has too much precision.
2026-08-27 11:27:24,731 [ERROR] TradingEngine: [MeanReversion] Order execution failed for BNBUSDC: APIError(code=-1111): Parameter 'quantity' has too much precision.
2026-08-27 11:27:42,262 [ERROR] TradingEngine: [MeanReversion] Order execution failed for BTCUSDC: APIError(code=-1111): Parameter 'quantity' has too much precision.
2026-08-27 11:27:42,524 [ERROR] TradingEngine: [MeanReversion] Order execution failed for ETHUSDC: APIError(code=-1111): Parameter 'quantity' has too much precision.
2026-08-27 11:27:43,274 [ERROR] TradingEngine: [MeanReversion] Order execution failed for SOLUSDC: APIError(code=-1111): Parameter 'quantity' has too much precision.
2026-08-27 11:27:43,536 [ERROR] TradingEngine: [MeanReversion] Order execution failed for BNBUSDC: APIError(code=-1111): Parameter 'quantity' has too much precision.
2026-08-27 11:28:01,108 [ERROR] TradingEngine: [MeanReversion] Order execution failed for BTCUSDC: APIError(code=-1111): Parameter 'quantity' has too much precision.
2026-08-27 11:28:01,370 [ERROR] TradingEngine: [MeanReversion] Order execution failed for ETHUSDC: APIError(code=-1111): Parameter 'quantity' has too much precision.
2026-08-27 11:28:01,634 [ERROR] TradingEngine: [MeanReversion] Order execution failed for SOLUSDC: APIError(code=-1111): Parameter 'quantity' has too much precision.
2026-08-27 11:28:01,898 [ERROR] TradingEngine: [MeanReversion] Order execution failed for BNBUSDC: APIError(code=-1111): Parameter 'quantity' has too much precision.
2026-08-27 11:28:19,708 [ERROR] TradingEngine: [MeanReversion] Order execution failed for BTCUSDC: APIError(code=-1111): Parameter 'quantity' has too much precision.
2026-08-27 11:28:19,972 [ERROR] TradingEngine: [MeanReversion] Order execution failed for ETHUSDC: APIError(code=-1111): Parameter 'quantity' has too much precision.
2026-08-27 11:28:20,235 [ERROR] TradingEngine: [MeanReversion] Order execution failed for SOLUSDC: APIError(code=-1111): Parameter 'quantity' has too much precision.
2026-08-27 11:28:20,497 [ERROR] TradingEngine: [MeanReversion] Order execution failed for BNBUSDC: APIError(code=-1111): Parameter 'quantity' has too much precision.
2026-08-27 11:28:38,092 [ERROR] TradingEngine: [MeanReversion] Order execution failed for BTCUSDC: APIError(code=-1111): Parameter 'quantity' has too much precision.
2026-08-27 11:28:38,354 [ERROR] TradingEngine: [MeanReversion] Order execution failed for ETHUSDC: APIError(code=-1111): Parameter 'quantity' has too much precision.
2026-08-27 11:28:38,616 [ERROR] TradingEngine: [MeanReversion] Order execution failed for SOLUSDC: APIError(code=-1111): Parameter 'quantity' has too much precision.
2026-08-27 11:28:38,881 [ERROR] TradingEngine: [MeanReversion] Order execution failed for BNBUSDC: APIError(code=-1111): Parameter 'quantity' has too much precision.
2026-08-27 11:28:56,402 [ERROR] TradingEngine: [MeanReversion] Order execution failed for BTCUSDC: APIError(code=-1111): Parameter 'quantity' has too much precision.
2026-08-27 11:28:56,664 [ERROR] TradingEngine: [MeanReversion] Order execution failed for ETHUSDC: APIError(code=-1111): Parameter 'quantity' has too much precision.
2026-08-27 11:28:56,926 [ERROR] TradingEngine: [MeanReversion] Order execution failed for SOLUSDC: APIError(code=-1111): Parameter 'quantity' has too much precision.
2026-08-27 11:28:57,195 [ERROR] TradingEngine: [MeanReversion] Order execution failed for BNBUSDC: APIError(code=-1111): Parameter 'quantity' has too much precision.
2026-08-27 11:29:14,737 [ERROR] TradingEngine: [MeanReversion] Order execution failed for BTCUSDC: APIError(code=-1111): Parameter 'quantity' has too much precision.
2026-08-27 11:29:15,004 [ERROR] TradingEngine: [MeanReversion] Order execution failed for ETHUSDC: APIError(code=-1111): Parameter 'quantity' has too much precision.
2026-08-27 11:29:15,265 [ERROR] TradingEngine: [MeanReversion] Order execution failed for SOLUSDC: APIError(code=-1111): Parameter 'quantity' has too much precision.
2026-08-27 11:29:15,527 [ERROR] TradingEngine: [MeanReversion] Order execution failed for BNBUSDC: APIError(code=-1111): Parameter 'quantity' has too much precision.
2026-08-27 11:29:33,028 [ERROR] TradingEngine: [MeanReversion] Order execution failed for BTCUSDC: APIError(code=-1111): Parameter 'quantity' has too much precision.
2026-08-27 11:29:33,293 [ERROR] TradingEngine: [MeanReversion] Order execution failed for ETHUSDC: APIError(code=-1111): Parameter 'quantity' has too much precision.
2026-08-27 11:29:33,555 [ERROR] TradingEngine: [MeanReversion] Order execution failed for SOLUSDC: APIError(code=-1111): Parameter 'quantity' has too much precision.
2026-08-27 11:29:33,818 [ERROR] TradingEngine: [MeanReversion] Order execution failed for BNBUSDC: APIError(code=-1111): Parameter 'quantity' has too much precision.
2026-08-27 11:29:52,035 [ERROR] TradingEngine: [MeanReversion] Order execution failed for BTCUSDC: APIError(code=-1111): Parameter 'quantity' has too much precision.
2026-08-27 11:29:52,297 [ERROR] TradingEngine: [MeanReversion] Order execution failed for ETHUSDC: APIError(code=-1111): Parameter 'quantity' has too much precision.
2026-08-27 11:29:52,560 [ERROR] TradingEngine: [MeanReversion] Order execution failed for SOLUSDC: APIError(code=-1111): Parameter 'quantity' has too much precision.
2026-08-27 11:29:53,304 [ERROR] TradingEngine: [MeanReversion] Order execution failed for BNBUSDC: APIError(code=-1111): Parameter 'quantity' has too much precision.
2026-08-27 11:34:30,295 [ERROR] TradingEngine: [MeanReversion] Order execution failed for BTCUSDC: APIError(code=-1111): Parameter 'quantity' has too much precision.
2026-08-27 11:34:47,749 [ERROR] TradingEngine: [MeanReversion] Order execution failed for BTCUSDC: APIError(code=-1111): Parameter 'quantity' has too much precision.
2026-08-27 11:35:05,549 [ERROR] TradingEngine: [MeanReversion] Order execution failed for BTCUSDC: APIError(code=-1111): Parameter 'quantity' has too much precision.
2026-08-27 11:35:23,106 [ERROR] TradingEngine: [MeanReversion] Order execution failed for BTCUSDC: APIError(code=-1111): Parameter 'quantity' has too much precision.
2026-08-27 11:35:23,370 [ERROR] TradingEngine: [MeanReversion] Order execution failed for ETHUSDC: APIError(code=-1111): Parameter 'quantity' has too much precision.
2026-08-27 11:35:41,093 [ERROR] TradingEngine: [MeanReversion] Order execution failed for BTCUSDC: APIError(code=-1111): Parameter 'quantity' has too much precision.
2026-08-27 11:35:41,354 [ERROR] TradingEngine: [MeanReversion] Order execution failed for ETHUSDC: APIError(code=-1111): Parameter 'quantity' has too much precision.
2026-08-27 11:35:58,851 [ERROR] TradingEngine: [MeanReversion] Order execution failed for BTCUSDC: APIError(code=-1111): Parameter 'quantity' has too much precision.
2026-08-27 11:35:59,113 [ERROR] TradingEngine: [MeanReversion] Order execution failed for ETHUSDC: APIError(code=-1111): Parameter 'quantity' has too much precision.
2026-08-27 11:36:16,550 [ERROR] TradingEngine: [MeanReversion] Order execution failed for BTCUSDC: APIError(code=-1111): Parameter 'quantity' has too much precision.
2026-08-27 11:36:16,815 [ERROR] TradingEngine: [MeanReversion] Order execution failed for ETHUSDC: APIError(code=-1111): Parameter 'quantity' has too much precision.
2026-08-27 11:36:34,742 [ERROR] TradingEngine: [MeanReversion] Order execution failed for BTCUSDC: APIError(code=-1111): Parameter 'quantity' has too much precision.
2026-08-27 11:36:35,007 [ERROR] TradingEngine: [MeanReversion] Order execution failed for ETHUSDC: APIError(code=-1111): Parameter 'quantity' has too much precision.
2026-08-27 11:36:52,504 [ERROR] TradingEngine: [MeanReversion] Order execution failed for BTCUSDC: APIError(code=-1111): Parameter 'quantity' has too much precision.
2026-08-27 11:36:52,767 [ERROR] TradingEngine: [MeanReversion] Order execution failed for ETHUSDC: APIError(code=-1111): Parameter 'quantity' has too much precision.
2026-08-27 11:37:10,260 [ERROR] TradingEngine: [MeanReversion] Order execution failed for BTCUSDC: APIError(code=-1111): Parameter 'quantity' has too much precision.
2026-08-27 11:37:27,792 [ERROR] TradingEngine: [MeanReversion] Order execution failed for BTCUSDC: APIError(code=-1111): Parameter 'quantity' has too much precision.
2026-08-27 11:37:28,054 [ERROR] TradingEngine: [MeanReversion] Order execution failed for ETHUSDC: APIError(code=-1111): Parameter 'quantity' has too much precision.
2026-08-27 11:37:45,849 [ERROR] TradingEngine: [MeanReversion] Order execution failed for BTCUSDC: APIError(code=-1111): Parameter 'quantity' has too much precision.
2026-08-27 11:37:46,113 [ERROR] TradingEngine: [MeanReversion] Order execution failed for ETHUSDC: APIError(code=-1111): Parameter 'quantity' has too much precision.
2026-08-27 11:38:04,116 [ERROR] TradingEngine: [MeanReversion] Order execution failed for BTCUSDC: APIError(code=-1111): Parameter 'quantity' has too much precision.
2026-08-27 11:38:04,379 [ERROR] TradingEngine: [MeanReversion] Order execution failed for ETHUSDC: APIError(code=-1111): Parameter 'quantity' has too much precision.
2026-08-27 11:38:21,958 [ERROR] TradingEngine: [MeanReversion] Order execution failed for BTCUSDC: APIError(code=-1111): Parameter 'quantity' has too much precision.
2026-08-27 11:38:22,220 [ERROR] TradingEngine: [MeanReversion] Order execution failed for ETHUSDC: APIError(code=-1111): Parameter 'quantity' has too much precision.
2026-08-27 11:38:39,718 [ERROR] TradingEngine: [MeanReversion] Order execution failed for BTCUSDC: APIError(code=-1111): Parameter 'quantity' has too much precision.
2026-08-27 11:38:39,981 [ERROR] TradingEngine: [MeanReversion] Order execution failed for ETHUSDC: APIError(code=-1111): Parameter 'quantity' has too much precision.
2026-08-27 11:38:57,665 [ERROR] TradingEngine: [MeanReversion] Order execution failed for BTCUSDC: APIError(code=-1111): Parameter 'quantity' has too much precision.
2026-08-27 11:38:57,928 [ERROR] TradingEngine: [MeanReversion] Order execution failed for ETHUSDC: APIError(code=-1111): Parameter 'quantity' has too much precision.
2026-08-27 11:39:15,430 [ERROR] TradingEngine: [MeanReversion] Order execution failed for BTCUSDC: APIError(code=-1111): Parameter 'quantity' has too much precision.
2026-08-27 11:39:15,692 [ERROR] TradingEngine: [MeanReversion] Order execution failed for ETHUSDC: APIError(code=-1111): Parameter 'quantity' has too much precision.
2026-08-27 11:39:33,232 [ERROR] TradingEngine: [MeanReversion] Order execution failed for BTCUSDC: APIError(code=-1111): Parameter 'quantity' has too much precision.
2026-08-27 11:39:33,494 [ERROR] TradingEngine: [MeanReversion] Order execution failed for ETHUSDC: APIError(code=-1111): Parameter 'quantity' has too much precision.
2026-08-27 11:39:51,019 [ERROR] TradingEngine: [MeanReversion] Order execution failed for BTCUSDC: APIError(code=-1111): Parameter 'quantity' has too much precision.
2026-08-27 11:39:51,283 [ERROR] TradingEngine: [MeanReversion] Order execution failed for ETHUSDC: APIError(code=-1111): Parameter 'quantity' has too much precision.
2026-08-27 11:40:09,047 [ERROR] TradingEngine: [MeanReversion] Order execution failed for BTCUSDC: APIError(code=-1111): Parameter 'quantity' has too much precision.
2026-08-27 11:40:09,311 [ERROR] TradingEngine: [MeanReversion] Order execution failed for ETHUSDC: APIError(code=-1111): Parameter 'quantity' has too much precision.
2026-08-27 11:40:27,088 [ERROR] TradingEngine: [MeanReversion] Order execution failed for BTCUSDC: APIError(code=-1111): Parameter 'quantity' has too much precision.
2026-08-27 11:40:27,352 [ERROR] TradingEngine: [MeanReversion] Order execution failed for ETHUSDC: APIError(code=-1111): Parameter 'quantity' has too much precision.
2026-08-27 11:40:44,848 [ERROR] TradingEngine: [MeanReversion] Order execution failed for BTCUSDC: APIError(code=-1111): Parameter 'quantity' has too much precision.
2026-08-27 11:40:45,109 [ERROR] TradingEngine: [MeanReversion] Order execution failed for ETHUSDC: APIError(code=-1111): Parameter 'quantity' has too much precision.
2026-08-27 11:41:03,150 [ERROR] TradingEngine: [MeanReversion] Order execution failed for BTCUSDC: APIError(code=-1111): Parameter 'quantity' has too much precision.
2026-08-27 11:41:03,895 [ERROR] TradingEngine: [MeanReversion] Order execution failed for ETHUSDC: APIError(code=-1111): Parameter 'quantity' has too much precision.
2026-08-27 11:41:21,424 [ERROR] TradingEngine: [MeanReversion] Order execution failed for BTCUSDC: APIError(code=-1111): Parameter 'quantity' has too much precision.
2026-08-27 11:41:21,686 [ERROR] TradingEngine: [MeanReversion] Order execution failed for ETHUSDC: APIError(code=-1111): Parameter 'quantity' has too much precision.
2026-08-27 11:41:39,360 [ERROR] TradingEngine: [MeanReversion] Order execution failed for BTCUSDC: APIError(code=-1111): Parameter 'quantity' has too much precision.
2026-08-27 11:41:39,623 [ERROR] TradingEngine: [MeanReversion] Order execution failed for ETHUSDC: APIError(code=-1111): Parameter 'quantity' has too much precision.
2026-08-27 11:41:57,117 [ERROR] TradingEngine: [MeanReversion] Order execution failed for BTCUSDC: APIError(code=-1111): Parameter 'quantity' has too much precision.
2026-08-27 11:41:57,381 [ERROR] TradingEngine: [MeanReversion] Order execution failed for ETHUSDC: APIError(code=-1111): Parameter 'quantity' has too much precision.
2026-08-27 11:42:14,885 [ERROR] TradingEngine: [MeanReversion] Order execution failed for BTCUSDC: APIError(code=-1111): Parameter 'quantity' has too much precision.
2026-08-27 11:42:15,147 [ERROR] TradingEngine: [MeanReversion] Order execution failed for ETHUSDC: APIError(code=-1111): Parameter 'quantity' has too much precision.
2026-08-27 11:42:15,409 [ERROR] TradingEngine: [MeanReversion] Order execution failed for SOLUSDC: APIError(code=-1111): Parameter 'quantity' has too much precision.
2026-08-27 11:42:32,849 [ERROR] TradingEngine: [MeanReversion] Order execution failed for BTCUSDC: APIError(code=-1111): Parameter 'quantity' has too much precision.
2026-08-27 11:42:33,112 [ERROR] TradingEngine: [MeanReversion] Order execution failed for ETHUSDC: APIError(code=-1111): Parameter 'quantity' has too much precision.
2026-08-27 11:42:33,372 [ERROR] TradingEngine: [MeanReversion] Order execution failed for SOLUSDC: APIError(code=-1111): Parameter 'quantity' has too much precision.
2026-08-27 11:42:51,062 [ERROR] TradingEngine: [MeanReversion] Order execution failed for BTCUSDC: APIError(code=-1111): Parameter 'quantity' has too much precision.
2026-08-27 11:42:51,327 [ERROR] TradingEngine: [MeanReversion] Order execution failed for ETHUSDC: APIError(code=-1111): Parameter 'quantity' has too much precision.
2026-08-27 11:42:51,589 [ERROR] TradingEngine: [MeanReversion] Order execution failed for SOLUSDC: APIError(code=-1111): Parameter 'quantity' has too much precision.
2026-08-27 11:43:09,123 [ERROR] TradingEngine: [MeanReversion] Order execution failed for BTCUSDC: APIError(code=-1111): Parameter 'quantity' has too much precision.
2026-08-27 11:43:09,385 [ERROR] TradingEngine: [MeanReversion] Order execution failed for ETHUSDC: APIError(code=-1111): Parameter 'quantity' has too much precision.
2026-08-27 11:43:09,649 [ERROR] TradingEngine: [MeanReversion] Order execution failed for SOLUSDC: APIError(code=-1111): Parameter 'quantity' has too much precision.
2026-08-27 11:43:27,647 [ERROR] TradingEngine: [MeanReversion] Order execution failed for BTCUSDC: APIError(code=-1111): Parameter 'quantity' has too much precision.
2026-08-27 11:43:27,910 [ERROR] TradingEngine: [MeanReversion] Order execution failed for ETHUSDC: APIError(code=-1111): Parameter 'quantity' has too much precision.
2026-08-27 11:43:28,172 [ERROR] TradingEngine: [MeanReversion] Order execution failed for SOLUSDC: APIError(code=-1111): Parameter 'quantity' has too much precision.
2026-08-27 11:43:45,701 [ERROR] TradingEngine: [MeanReversion] Order execution failed for BTCUSDC: APIError(code=-1111): Parameter 'quantity' has too much precision.
2026-08-27 11:43:45,965 [ERROR] TradingEngine: [MeanReversion] Order execution failed for ETHUSDC: APIError(code=-1111): Parameter 'quantity' has too much precision.
2026-08-27 11:43:46,227 [ERROR] TradingEngine: [MeanReversion] Order execution failed for SOLUSDC: APIError(code=-1111): Parameter 'quantity' has too much precision.
2026-08-27 11:44:03,728 [ERROR] TradingEngine: [MeanReversion] Order execution failed for BTCUSDC: APIError(code=-1111): Parameter 'quantity' has too much precision.
2026-08-27 11:44:03,990 [ERROR] TradingEngine: [MeanReversion] Order execution failed for ETHUSDC: APIError(code=-1111): Parameter 'quantity' has too much precision.
2026-08-27 11:44:04,251 [ERROR] TradingEngine: [MeanReversion] Order execution failed for SOLUSDC: APIError(code=-1111): Parameter 'quantity' has too much precision.
2026-08-27 11:44:21,744 [ERROR] TradingEngine: [MeanReversion] Order execution failed for BTCUSDC: APIError(code=-1111): Parameter 'quantity' has too much precision.
2026-08-27 11:44:22,006 [ERROR] TradingEngine: [MeanReversion] Order execution failed for ETHUSDC: APIError(code=-1111): Parameter 'quantity' has too much precision.
2026-08-27 11:44:22,269 [ERROR] TradingEngine: [MeanReversion] Order execution failed for SOLUSDC: APIError(code=-1111): Parameter 'quantity' has too much precision.
2026-08-27 11:44:22,532 [ERROR] TradingEngine: [MeanReversion] Order execution failed for BNBUSDC: APIError(code=-1111): Parameter 'quantity' has too much precision.
2026-08-27 11:44:40,027 [ERROR] TradingEngine: [MeanReversion] Order execution failed for BTCUSDC: APIError(code=-1111): Parameter 'quantity' has too much precision.
2026-08-27 11:44:40,290 [ERROR] TradingEngine: [MeanReversion] Order execution failed for ETHUSDC: APIError(code=-1111): Parameter 'quantity' has too much precision.
2026-08-27 11:44:40,553 [ERROR] TradingEngine: [MeanReversion] Order execution failed for SOLUSDC: APIError(code=-1111): Parameter 'quantity' has too much precision.
2026-08-27 11:44:40,814 [ERROR] TradingEngine: [MeanReversion] Order execution failed for BNBUSDC: APIError(code=-1111): Parameter 'quantity' has too much precision.
2026-08-27 11:44:58,316 [ERROR] TradingEngine: [MeanReversion] Order execution failed for BTCUSDC: APIError(code=-1111): Parameter 'quantity' has too much precision.
2026-08-27 11:44:58,581 [ERROR] TradingEngine: [MeanReversion] Order execution failed for ETHUSDC: APIError(code=-1111): Parameter 'quantity' has too much precision.
2026-08-27 11:44:58,845 [ERROR] TradingEngine: [MeanReversion] Order execution failed for SOLUSDC: APIError(code=-1111): Parameter 'quantity' has too much precision.
2026-08-27 11:44:59,111 [ERROR] TradingEngine: [MeanReversion] Order execution failed for BNBUSDC: APIError(code=-1111): Parameter 'quantity' has too much precision.
2026-08-27 11:49:55,589 [ERROR] TradingEngine: [MeanReversion] Order execution failed for SOLUSDC: APIError(code=-1111): Parameter 'quantity' has too much precision.
2026-08-27 11:50:13,570 [ERROR] TradingEngine: [MeanReversion] Order execution failed for SOLUSDC: APIError(code=-1111): Parameter 'quantity' has too much precision.
2026-08-27 11:50:31,080 [ERROR] TradingEngine: [MeanReversion] Order execution failed for SOLUSDC: APIError(code=-1111): Parameter 'quantity' has too much precision.
2026-08-27 11:50:48,623 [ERROR] TradingEngine: [MeanReversion] Order execution failed for SOLUSDC: APIError(code=-1111): Parameter 'quantity' has too much precision.
2026-08-27 11:51:06,371 [ERROR] TradingEngine: [MeanReversion] Order execution failed for SOLUSDC: APIError(code=-1111): Parameter 'quantity' has too much precision.
2026-08-27 11:51:23,912 [ERROR] TradingEngine: [MeanReversion] Order execution failed for SOLUSDC: APIError(code=-1111): Parameter 'quantity' has too much precision.
2026-08-27 11:51:41,343 [ERROR] TradingEngine: [MeanReversion] Order execution failed for SOLUSDC: APIError(code=-1111): Parameter 'quantity' has too much precision.
2026-08-27 11:51:58,897 [ERROR] TradingEngine: [MeanReversion] Order execution failed for SOLUSDC: APIError(code=-1111): Parameter 'quantity' has too much precision.
2026-08-27 11:52:16,448 [ERROR] TradingEngine: [MeanReversion] Order execution failed for SOLUSDC: APIError(code=-1111): Parameter 'quantity' has too much precision.
2026-08-27 11:52:33,931 [ERROR] TradingEngine: [MeanReversion] Order execution failed for SOLUSDC: APIError(code=-1111): Parameter 'quantity' has too much precision.
2026-08-27 11:52:51,851 [ERROR] TradingEngine: [MeanReversion] Order execution failed for SOLUSDC: APIError(code=-1111): Parameter 'quantity' has too much precision.
2026-08-27 11:53:09,487 [ERROR] TradingEngine: [MeanReversion] Order execution failed for SOLUSDC: APIError(code=-1111): Parameter 'quantity' has too much precision.
2026-08-27 11:53:27,180 [ERROR] TradingEngine: [MeanReversion] Order execution failed for SOLUSDC: APIError(code=-1111): Parameter 'quantity' has too much precision.
2026-08-27 11:53:45,433 [ERROR] TradingEngine: [MeanReversion] Order execution failed for SOLUSDC: APIError(code=-1111): Parameter 'quantity' has too much precision.
2026-08-27 11:54:03,334 [ERROR] TradingEngine: [MeanReversion] Order execution failed for SOLUSDC: APIError(code=-1111): Parameter 'quantity' has too much precision.
2026-08-27 11:54:20,876 [ERROR] TradingEngine: [MeanReversion] Order execution failed for SOLUSDC: APIError(code=-1111): Parameter 'quantity' has too much precision.
2026-08-27 11:54:38,641 [ERROR] TradingEngine: [MeanReversion] Order execution failed for SOLUSDC: APIError(code=-1111): Parameter 'quantity' has too much precision.
2026-08-27 11:54:56,173 [ERROR] TradingEngine: [MeanReversion] Order execution failed for SOLUSDC: APIError(code=-1111): Parameter 'quantity' has too much precision.
2026-08-27 11:55:13,671 [ERROR] TradingEngine: [MeanReversion] Order execution failed for SOLUSDC: APIError(code=-1111): Parameter 'quantity' has too much precision.
2026-08-27 11:55:31,165 [ERROR] TradingEngine: [MeanReversion] Order execution failed for SOLUSDC: APIError(code=-1111): Parameter 'quantity' has too much precision.
2026-08-27 11:55:48,674 [ERROR] TradingEngine: [MeanReversion] Order execution failed for SOLUSDC: APIError(code=-1111): Parameter 'quantity' has too much precision.
2026-08-27 11:56:06,184 [ERROR] TradingEngine: [MeanReversion] Order execution failed for SOLUSDC: APIError(code=-1111): Parameter 'quantity' has too much precision.
2026-08-27 11:56:23,957 [ERROR] TradingEngine: [MeanReversion] Order execution failed for SOLUSDC: APIError(code=-1111): Parameter 'quantity' has too much precision.
2026-08-27 11:56:41,457 [ERROR] TradingEngine: [MeanReversion] Order execution failed for SOLUSDC: APIError(code=-1111): Parameter 'quantity' has too much precision.
2026-08-27 11:56:58,967 [ERROR] TradingEngine: [MeanReversion] Order execution failed for SOLUSDC: APIError(code=-1111): Parameter 'quantity' has too much precision.
2026-08-27 11:57:16,886 [ERROR] TradingEngine: [MeanReversion] Order execution failed for SOLUSDC: APIError(code=-1111): Parameter 'quantity' has too much precision.
2026-08-27 11:57:34,687 [ERROR] TradingEngine: [MeanReversion] Order execution failed for SOLUSDC: APIError(code=-1111): Parameter 'quantity' has too much precision.
2026-08-27 11:57:52,422 [ERROR] TradingEngine: [MeanReversion] Order execution failed for SOLUSDC: APIError(code=-1111): Parameter 'quantity' has too much precision.
2026-08-27 11:58:09,927 [ERROR] TradingEngine: [MeanReversion] Order execution failed for SOLUSDC: APIError(code=-1111): Parameter 'quantity' has too much precision.
2026-08-27 11:58:27,448 [ERROR] TradingEngine: [MeanReversion] Order execution failed for SOLUSDC: APIError(code=-1111): Parameter 'quantity' has too much precision.
2026-08-27 11:58:44,977 [ERROR] TradingEngine: [MeanReversion] Order execution failed for SOLUSDC: APIError(code=-1111): Parameter 'quantity' has too much precision.
2026-08-27 11:59:02,475 [ERROR] TradingEngine: [MeanReversion] Order execution failed for ETHUSDC: APIError(code=-1111): Parameter 'quantity' has too much precision.
2026-08-27 11:59:02,982 [ERROR] TradingEngine: [MeanReversion] Order execution failed for SOLUSDC: APIError(code=-1111): Parameter 'quantity' has too much precision.
2026-08-27 11:59:22,177 [ERROR] TradingEngine: [MeanReversion] Order execution failed for SOLUSDC: APIError(code=-1111): Parameter 'quantity' has too much precision.
2026-08-27 11:59:39,955 [ERROR] TradingEngine: [MeanReversion] Order execution failed for SOLUSDC: APIError(code=-1111): Parameter 'quantity' has too much precision.
2026-08-27 11:59:57,696 [ERROR] TradingEngine: [MeanReversion] Order execution failed for SOLUSDC: APIError(code=-1111): Parameter 'quantity' has too much precision.
2026-08-27 12:16:42,324 [INFO] TradingEngine: Shutdown signal received.
2026-08-27 12:16:42,324 [INFO] TradingEngine: Engine offline.
2026-08-27 12:25:49,253 [ERROR] TradingEngine: [MeanReversion] Order execution failed for BTCUSDC: APIError(code=-2010): Account has insufficient balance for requested action.
2026-08-27 12:25:49,518 [ERROR] TradingEngine: [MeanReversion] Order execution failed for ETHUSDC: APIError(code=-2010): Account has insufficient balance for requested action.
2026-08-27 12:26:06,954 [ERROR] TradingEngine: [MeanReversion] Order execution failed for BTCUSDC: APIError(code=-2010): Account has insufficient balance for requested action.
2026-08-27 12:26:07,216 [ERROR] TradingEngine: [MeanReversion] Order execution failed for ETHUSDC: APIError(code=-2010): Account has insufficient balance for requested action.
2026-08-27 12:26:24,778 [ERROR] TradingEngine: [MeanReversion] Order execution failed for BTCUSDC: APIError(code=-2010): Account has insufficient balance for requested action.
2026-08-27 12:26:25,161 [ERROR] TradingEngine: [MeanReversion] Order execution failed for ETHUSDC: APIError(code=-2010): Account has insufficient balance for requested action.
2026-08-27 12:26:43,456 [ERROR] TradingEngine: [MeanReversion] Order execution failed for BTCUSDC: APIError(code=-2010): Account has insufficient balance for requested action.
2026-08-27 12:26:43,721 [ERROR] TradingEngine: [MeanReversion] Order execution failed for ETHUSDC: APIError(code=-2010): Account has insufficient balance for requested action.
2026-08-27 12:26:43,984 [ERROR] TradingEngine: [MeanReversion] Order execution failed for BNBUSDC: APIError(code=-2010): Account has insufficient balance for requested action.
2026-08-27 12:27:01,796 [ERROR] TradingEngine: [MeanReversion] Order execution failed for BTCUSDC: APIError(code=-2010): Account has insufficient balance for requested action.
2026-08-27 12:27:02,059 [ERROR] TradingEngine: [MeanReversion] Order execution failed for ETHUSDC: APIError(code=-2010): Account has insufficient balance for requested action.
2026-08-27 12:27:02,324 [ERROR] TradingEngine: [MeanReversion] Order execution failed for SOLUSDC: APIError(code=-2010): Account has insufficient balance for requested action.
2026-08-27 12:27:02,587 [ERROR] TradingEngine: [MeanReversion] Order execution failed for BNBUSDC: APIError(code=-2010): Account has insufficient balance for requested action.
2026-08-27 12:27:20,126 [ERROR] TradingEngine: [MeanReversion] Order execution failed for BTCUSDC: APIError(code=-2010): Account has insufficient balance for requested action.
2026-08-27 12:27:20,390 [ERROR] TradingEngine: [MeanReversion] Order execution failed for ETHUSDC: APIError(code=-2010): Account has insufficient balance for requested action.
2026-08-27 12:27:20,653 [ERROR] TradingEngine: [MeanReversion] Order execution failed for SOLUSDC: APIError(code=-2010): Account has insufficient balance for requested action.
2026-08-27 12:27:20,915 [ERROR] TradingEngine: [MeanReversion] Order execution failed for BNBUSDC: APIError(code=-2010): Account has insufficient balance for requested action.
2026-08-27 12:27:38,971 [ERROR] TradingEngine: [MeanReversion] Order execution failed for BTCUSDC: APIError(code=-2010): Account has insufficient balance for requested action.
2026-08-27 12:27:39,241 [ERROR] TradingEngine: [MeanReversion] Order execution failed for ETHUSDC: APIError(code=-2010): Account has insufficient balance for requested action.
2026-08-27 12:27:39,504 [ERROR] TradingEngine: [MeanReversion] Order execution failed for SOLUSDC: APIError(code=-2010): Account has insufficient balance for requested action.
2026-08-27 12:27:39,768 [ERROR] TradingEngine: [MeanReversion] Order execution failed for BNBUSDC: APIError(code=-2010): Account has insufficient balance for requested action.
2026-08-27 12:27:57,259 [ERROR] TradingEngine: [MeanReversion] Order execution failed for BTCUSDC: APIError(code=-2010): Account has insufficient balance for requested action.
2026-08-27 12:27:57,522 [ERROR] TradingEngine: [MeanReversion] Order execution failed for ETHUSDC: APIError(code=-2010): Account has insufficient balance for requested action.
2026-08-27 12:27:57,785 [ERROR] TradingEngine: [MeanReversion] Order execution failed for SOLUSDC: APIError(code=-2010): Account has insufficient balance for requested action.
2026-08-27 12:27:58,050 [ERROR] TradingEngine: [MeanReversion] Order execution failed for BNBUSDC: APIError(code=-2010): Account has insufficient balance for requested action.
2026-08-27 12:28:13,296 [INFO] TradingEngine: Shutdown signal received.
2026-08-27 12:28:13,296 [INFO] TradingEngine: Engine offline.
2026-08-27 12:38:05,997 [INFO] TradingEngine: Bot engine initialized. Dispatching start message to Telegram.
2026-08-27 12:38:08,633 [INFO] TradingEngine: Dispatching hourly status report for $416.87 account equity.
2026-08-27 12:49:09,483 [CRITICAL] TradingEngine: 24h Drawdown Breach! Halting trading engine.
2026-08-27 12:49:09,483 [INFO] TradingEngine: Bot engine shutting down. Sending stop notification.
2026-08-27 12:49:10,222 [INFO] TradingEngine: Engine offline.
2026-08-27 12:53:16,842 [INFO] TradingEngine: Bot engine initialized. Dispatching start message to Telegram.
2026-08-27 12:53:18,953 [INFO] TradingEngine: Dispatching hourly status report for $100.99 account equity.
2026-08-27 12:56:56,387 [INFO] TradingEngine: Shutdown signal received.
2026-08-27 12:56:56,387 [INFO] TradingEngine: Bot shutting down. Reason: Process Cancelled / Terminated
2026-08-27 12:56:57,127 [INFO] TradingEngine: Engine offline.
2026-08-27 12:59:16,593 [INFO] TradingEngine: Bot engine initialized. Dispatching start message to Telegram.
2026-08-27 12:59:18,907 [INFO] TradingEngine: Dispatching hourly status report for $100.99 account equity.
2026-08-27 13:43:48,466 [INFO] TradingEngine: Shutdown signal received.
2026-08-27 13:43:48,466 [INFO] TradingEngine: Bot shutting down. Reason: Process Cancelled / Terminated
2026-08-27 13:43:49,224 [INFO] TradingEngine: Engine offline.
2026-08-27 13:44:09,254 [INFO] TradingEngine: Bot engine initialized. Dispatching start message to Telegram.
2026-08-27 13:44:11,383 [INFO] TradingEngine: Dispatching hourly status report for $100.98 account equity.
2026-08-27 13:44:43,220 [INFO] TradingEngine: Shutdown signal received.
2026-08-27 13:44:43,220 [INFO] TradingEngine: Bot shutting down. Reason: Process Cancelled / Terminated
2026-08-27 13:44:43,641 [INFO] TradingEngine: Engine offline.
2026-08-27 13:44:50,522 [INFO] TradingEngine: Bot engine initialized. Dispatching start message to Telegram.
2026-08-27 13:44:52,606 [INFO] TradingEngine: Dispatching hourly status report for $100.98 account equity.
2026-08-27 13:46:39,823 [INFO] TradingEngine: Shutdown signal received.
2026-08-27 13:46:39,823 [INFO] TradingEngine: Bot shutting down. Reason: Process Cancelled / Terminated
2026-08-27 13:46:40,270 [INFO] TradingEngine: Engine offline.
2026-08-27 13:46:47,968 [INFO] TradingEngine: Bot engine initialized. Dispatching start message to Telegram.
2026-08-27 13:46:50,113 [INFO] TradingEngine: Dispatching hourly status report for $100.98 account equity.
2026-08-27 14:46:55,543 [INFO] TradingEngine: Dispatching hourly status report for $100.99 account equity.
2026-08-27 15:47:03,112 [INFO] TradingEngine: Dispatching hourly status report for $100.98 account equity.
2026-08-27 16:47:07,187 [INFO] TradingEngine: Dispatching hourly status report for $100.99 account equity.
2026-08-27 16:56:37,496 [INFO] TradingEngine: 🚀 [ATTEMPTING SELL] Strategy: MeanReversion | Asset: SOLUSDT | Qty: 0.2391 | Entry: $105.58 | TP: $103.29 | SL: $107.11
2026-08-27 16:56:38,208 [ERROR] TradingEngine: ❌ [SELL FAILED] Strategy: MeanReversion | Asset: SOLUSDT | Error: APIError(code=-4061): Order's position side does not match user's setting.
2026-08-27 16:56:56,234 [INFO] TradingEngine: 🚀 [ATTEMPTING SELL] Strategy: MeanReversion | Asset: SOLUSDT | Qty: 0.2392 | Entry: $105.54 | TP: $103.25 | SL: $107.07
2026-08-27 16:56:56,953 [ERROR] TradingEngine: ❌ [SELL FAILED] Strategy: MeanReversion | Asset: SOLUSDT | Error: APIError(code=-4061): Order's position side does not match user's setting.
2026-08-27 16:57:14,407 [INFO] TradingEngine: 🚀 [ATTEMPTING SELL] Strategy: MeanReversion | Asset: SOLUSDT | Qty: 0.2392 | Entry: $105.54 | TP: $103.25 | SL: $107.07
2026-08-27 16:57:15,165 [ERROR] TradingEngine: ❌ [SELL FAILED] Strategy: MeanReversion | Asset: SOLUSDT | Error: APIError(code=-4061): Order's position side does not match user's setting.
2026-08-27 16:57:32,615 [INFO] TradingEngine: 🚀 [ATTEMPTING SELL] Strategy: MeanReversion | Asset: SOLUSDT | Qty: 0.2385 | Entry: $105.85 | TP: $103.50 | SL: $107.42
2026-08-27 16:57:33,313 [ERROR] TradingEngine: ❌ [SELL FAILED] Strategy: MeanReversion | Asset: SOLUSDT | Error: APIError(code=-4061): Order's position side does not match user's setting.
2026-08-27 16:57:51,158 [INFO] TradingEngine: 🚀 [ATTEMPTING SELL] Strategy: MeanReversion | Asset: SOLUSDT | Qty: 0.2382 | Entry: $105.98 | TP: $103.55 | SL: $107.60
2026-08-27 16:57:51,851 [ERROR] TradingEngine: ❌ [SELL FAILED] Strategy: MeanReversion | Asset: SOLUSDT | Error: APIError(code=-4061): Order's position side does not match user's setting.
2026-08-27 16:58:09,284 [INFO] TradingEngine: 🚀 [ATTEMPTING SELL] Strategy: MeanReversion | Asset: SOLUSDT | Qty: 0.2387 | Entry: $105.76 | TP: $103.33 | SL: $107.38
2026-08-27 16:58:10,004 [ERROR] TradingEngine: ❌ [SELL FAILED] Strategy: MeanReversion | Asset: SOLUSDT | Error: APIError(code=-4061): Order's position side does not match user's setting.
2026-08-27 16:58:27,493 [INFO] TradingEngine: 🚀 [ATTEMPTING SELL] Strategy: MeanReversion | Asset: SOLUSDT | Qty: 0.2385 | Entry: $105.84 | TP: $103.41 | SL: $107.46
2026-08-27 16:58:28,176 [ERROR] TradingEngine: ❌ [SELL FAILED] Strategy: MeanReversion | Asset: SOLUSDT | Error: APIError(code=-4061): Order's position side does not match user's setting.
2026-08-27 16:58:45,575 [INFO] TradingEngine: 🚀 [ATTEMPTING SELL] Strategy: MeanReversion | Asset: SOLUSDT | Qty: 0.2387 | Entry: $105.75 | TP: $103.32 | SL: $107.37
2026-08-27 16:58:46,321 [ERROR] TradingEngine: ❌ [SELL FAILED] Strategy: MeanReversion | Asset: SOLUSDT | Error: APIError(code=-4061): Order's position side does not match user's setting.
2026-08-27 16:59:03,721 [INFO] TradingEngine: 🚀 [ATTEMPTING SELL] Strategy: MeanReversion | Asset: SOLUSDT | Qty: 0.2382 | Entry: $105.98 | TP: $103.55 | SL: $107.60
2026-08-27 16:59:04,506 [INFO] TradingEngine: Recorded trade execution for SOLUSDT: $25.25
2026-08-27 16:59:04,506 [INFO] TradingEngine: ✅ [SELL EXECUTED] Strategy: MeanReversion | Asset: SOLUSDT | Qty: 0.2382 | Entry: $105.98 | Order ID: 236405557616
2026-08-27 16:59:21,916 [INFO] TradingEngine: 🚀 [ATTEMPTING SELL] Strategy: MeanReversion | Asset: SOLUSDT | Qty: 0.2376 | Entry: $106.21 | TP: $103.78 | SL: $107.83
2026-08-27 16:59:22,605 [INFO] TradingEngine: Recorded trade execution for SOLUSDT: $25.23
2026-08-27 16:59:22,606 [INFO] TradingEngine: ✅ [SELL EXECUTED] Strategy: MeanReversion | Asset: SOLUSDT | Qty: 0.2376 | Entry: $106.21 | Order ID: 236405718631
2026-08-27 16:59:40,133 [INFO] TradingEngine: 🚀 [ATTEMPTING SELL] Strategy: MeanReversion | Asset: SOLUSDT | Qty: 0.2377 | Entry: $106.17 | TP: $103.74 | SL: $107.79
2026-08-27 16:59:40,824 [INFO] TradingEngine: Recorded trade execution for SOLUSDT: $25.23
2026-08-27 16:59:40,824 [INFO] TradingEngine: ✅ [SELL EXECUTED] Strategy: MeanReversion | Asset: SOLUSDT | Qty: 0.2377 | Entry: $106.17 | Order ID: 236405821722
2026-08-27 16:59:58,236 [INFO] TradingEngine: 🚀 [ATTEMPTING SELL] Strategy: MeanReversion | Asset: SOLUSDT | Qty: 0.2381 | Entry: $106.05 | TP: $103.62 | SL: $107.67
2026-08-27 16:59:58,947 [ERROR] TradingEngine: ❌ [SELL FAILED] Strategy: MeanReversion | Asset: SOLUSDT | Error: APIError(code=-2019): Margin is insufficient.
2026-08-27 17:06:08,448 [INFO] TradingEngine: 🚀 [ATTEMPTING SELL] Strategy: MeanReversion | Asset: SOLUSDT | Qty: 0.2373 | Entry: $106.25 | TP: $103.78 | SL: $107.90
2026-08-27 17:06:09,424 [ERROR] TradingEngine: ❌ [SELL FAILED] Strategy: MeanReversion | Asset: SOLUSDT | Error: APIError(code=-2019): Margin is insufficient.
2026-08-27 17:06:26,823 [INFO] TradingEngine: 🚀 [ATTEMPTING SELL] Strategy: MeanReversion | Asset: SOLUSDT | Qty: 0.2377 | Entry: $106.13 | TP: $103.66 | SL: $107.78
2026-08-27 17:06:27,535 [ERROR] TradingEngine: ❌ [SELL FAILED] Strategy: MeanReversion | Asset: SOLUSDT | Error: APIError(code=-2019): Margin is insufficient.
2026-08-27 17:38:54,742 [INFO] TradingEngine: 🚀 [ATTEMPTING SELL] Strategy: MeanReversion | Asset: SOLUSDT | Qty: 0.2342 | Entry: $107.04 | TP: $104.32 | SL: $108.85
2026-08-27 17:38:55,553 [ERROR] TradingEngine: ❌ [SELL FAILED] Strategy: MeanReversion | Asset: SOLUSDT | Error: APIError(code=-2019): Margin is insufficient.
2026-08-27 17:39:13,073 [INFO] TradingEngine: 🚀 [ATTEMPTING SELL] Strategy: MeanReversion | Asset: SOLUSDT | Qty: 0.2337 | Entry: $107.17 | TP: $104.44 | SL: $108.99
2026-08-27 17:39:14,093 [ERROR] TradingEngine: ❌ [SELL FAILED] Strategy: MeanReversion | Asset: SOLUSDT | Error: APIError(code=-2019): Margin is insufficient.
2026-08-27 17:39:31,636 [INFO] TradingEngine: 🚀 [ATTEMPTING SELL] Strategy: MeanReversion | Asset: SOLUSDT | Qty: 0.2343 | Entry: $107.03 | TP: $104.28 | SL: $108.86
2026-08-27 17:39:32,324 [ERROR] TradingEngine: ❌ [SELL FAILED] Strategy: MeanReversion | Asset: SOLUSDT | Error: APIError(code=-2019): Margin is insufficient.
2026-08-27 17:39:49,754 [INFO] TradingEngine: 🚀 [ATTEMPTING SELL] Strategy: MeanReversion | Asset: SOLUSDT | Qty: 0.2343 | Entry: $107.02 | TP: $104.27 | SL: $108.85
2026-08-27 17:39:50,748 [ERROR] TradingEngine: ❌ [SELL FAILED] Strategy: MeanReversion | Asset: SOLUSDT | Error: APIError(code=-2019): Margin is insufficient.
2026-08-27 17:40:08,205 [INFO] TradingEngine: 🚀 [ATTEMPTING SELL] Strategy: MeanReversion | Asset: SOLUSDT | Qty: 0.2346 | Entry: $106.91 | TP: $104.16 | SL: $108.74
2026-08-27 17:40:08,911 [ERROR] TradingEngine: ❌ [SELL FAILED] Strategy: MeanReversion | Asset: SOLUSDT | Error: APIError(code=-2019): Margin is insufficient.
2026-08-27 17:40:26,430 [INFO] TradingEngine: 🚀 [ATTEMPTING SELL] Strategy: MeanReversion | Asset: SOLUSDT | Qty: 0.2343 | Entry: $107.00 | TP: $104.25 | SL: $108.83
2026-08-27 17:40:27,190 [ERROR] TradingEngine: ❌ [SELL FAILED] Strategy: MeanReversion | Asset: SOLUSDT | Error: APIError(code=-2019): Margin is insufficient.
2026-08-27 17:40:44,686 [INFO] TradingEngine: 🚀 [ATTEMPTING SELL] Strategy: MeanReversion | Asset: SOLUSDT | Qty: 0.2345 | Entry: $106.96 | TP: $104.21 | SL: $108.79
2026-08-27 17:40:45,361 [ERROR] TradingEngine: ❌ [SELL FAILED] Strategy: MeanReversion | Asset: SOLUSDT | Error: APIError(code=-2019): Margin is insufficient.
2026-08-27 17:41:02,766 [INFO] TradingEngine: 🚀 [ATTEMPTING SELL] Strategy: MeanReversion | Asset: SOLUSDT | Qty: 0.2339 | Entry: $107.10 | TP: $104.35 | SL: $108.93
2026-08-27 17:41:03,450 [ERROR] TradingEngine: ❌ [SELL FAILED] Strategy: MeanReversion | Asset: SOLUSDT | Error: APIError(code=-2019): Margin is insufficient.
2026-08-27 17:41:21,091 [INFO] TradingEngine: 🚀 [ATTEMPTING SELL] Strategy: MeanReversion | Asset: SOLUSDT | Qty: 0.2326 | Entry: $107.47 | TP: $104.67 | SL: $109.33
2026-08-27 17:41:22,003 [ERROR] TradingEngine: ❌ [SELL FAILED] Strategy: MeanReversion | Asset: SOLUSDT | Error: APIError(code=-2019): Margin is insufficient.
2026-08-27 17:41:39,415 [INFO] TradingEngine: 🚀 [ATTEMPTING SELL] Strategy: MeanReversion | Asset: SOLUSDT | Qty: 0.2320 | Entry: $107.64 | TP: $104.81 | SL: $109.53
2026-08-27 17:41:40,222 [ERROR] TradingEngine: ❌ [SELL FAILED] Strategy: MeanReversion | Asset: SOLUSDT | Error: APIError(code=-2019): Margin is insufficient.
2026-08-27 17:41:57,667 [INFO] TradingEngine: 🚀 [ATTEMPTING SELL] Strategy: MeanReversion | Asset: SOLUSDT | Qty: 0.2327 | Entry: $107.46 | TP: $104.63 | SL: $109.35
2026-08-27 17:41:58,373 [ERROR] TradingEngine: ❌ [SELL FAILED] Strategy: MeanReversion | Asset: SOLUSDT | Error: APIError(code=-2019): Margin is insufficient.
2026-08-27 17:42:15,770 [INFO] TradingEngine: 🚀 [ATTEMPTING SELL] Strategy: MeanReversion | Asset: SOLUSDT | Qty: 0.2320 | Entry: $107.64 | TP: $104.78 | SL: $109.55
2026-08-27 17:42:16,449 [ERROR] TradingEngine: ❌ [SELL FAILED] Strategy: MeanReversion | Asset: SOLUSDT | Error: APIError(code=-2019): Margin is insufficient.
2026-08-27 17:42:33,915 [INFO] TradingEngine: 🚀 [ATTEMPTING SELL] Strategy: MeanReversion | Asset: SOLUSDT | Qty: 0.2320 | Entry: $107.59 | TP: $104.73 | SL: $109.50
2026-08-27 17:42:34,642 [ERROR] TradingEngine: ❌ [SELL FAILED] Strategy: MeanReversion | Asset: SOLUSDT | Error: APIError(code=-2019): Margin is insufficient.
2026-08-27 17:42:52,024 [INFO] TradingEngine: 🚀 [ATTEMPTING SELL] Strategy: MeanReversion | Asset: SOLUSDT | Qty: 0.2311 | Entry: $107.86 | TP: $104.98 | SL: $109.78
2026-08-27 17:42:52,729 [ERROR] TradingEngine: ❌ [SELL FAILED] Strategy: MeanReversion | Asset: SOLUSDT | Error: APIError(code=-2019): Margin is insufficient.
2026-08-27 17:43:10,171 [INFO] TradingEngine: 🚀 [ATTEMPTING SELL] Strategy: MeanReversion | Asset: SOLUSDT | Qty: 0.2312 | Entry: $107.81 | TP: $104.93 | SL: $109.73
2026-08-27 17:43:10,863 [ERROR] TradingEngine: ❌ [SELL FAILED] Strategy: MeanReversion | Asset: SOLUSDT | Error: APIError(code=-2019): Margin is insufficient.
2026-08-27 17:43:28,325 [INFO] TradingEngine: 🚀 [ATTEMPTING SELL] Strategy: MeanReversion | Asset: SOLUSDT | Qty: 0.2322 | Entry: $107.60 | TP: $104.72 | SL: $109.52
2026-08-27 17:43:29,248 [ERROR] TradingEngine: ❌ [SELL FAILED] Strategy: MeanReversion | Asset: SOLUSDT | Error: APIError(code=-2019): Margin is insufficient.
2026-08-27 17:43:46,949 [INFO] TradingEngine: 🚀 [ATTEMPTING SELL] Strategy: MeanReversion | Asset: SOLUSDT | Qty: 0.2324 | Entry: $107.51 | TP: $104.63 | SL: $109.43
2026-08-27 17:43:47,638 [ERROR] TradingEngine: ❌ [SELL FAILED] Strategy: MeanReversion | Asset: SOLUSDT | Error: APIError(code=-2019): Margin is insufficient.
2026-08-27 17:44:05,083 [INFO] TradingEngine: 🚀 [ATTEMPTING SELL] Strategy: MeanReversion | Asset: SOLUSDT | Qty: 0.2326 | Entry: $107.46 | TP: $104.58 | SL: $109.38
2026-08-27 17:44:05,772 [ERROR] TradingEngine: ❌ [SELL FAILED] Strategy: MeanReversion | Asset: SOLUSDT | Error: APIError(code=-2019): Margin is insufficient.
2026-08-27 17:44:23,380 [INFO] TradingEngine: 🚀 [ATTEMPTING SELL] Strategy: MeanReversion | Asset: SOLUSDT | Qty: 0.2329 | Entry: $107.37 | TP: $104.49 | SL: $109.29
2026-08-27 17:44:24,054 [ERROR] TradingEngine: ❌ [SELL FAILED] Strategy: MeanReversion | Asset: SOLUSDT | Error: APIError(code=-2019): Margin is insufficient.
2026-08-27 17:44:41,544 [INFO] TradingEngine: 🚀 [ATTEMPTING SELL] Strategy: MeanReversion | Asset: SOLUSDT | Qty: 0.2325 | Entry: $107.50 | TP: $104.62 | SL: $109.42
2026-08-27 17:44:42,255 [ERROR] TradingEngine: ❌ [SELL FAILED] Strategy: MeanReversion | Asset: SOLUSDT | Error: APIError(code=-2019): Margin is insufficient.
2026-08-27 17:44:59,905 [INFO] TradingEngine: 🚀 [ATTEMPTING SELL] Strategy: MeanReversion | Asset: SOLUSDT | Qty: 0.2326 | Entry: $107.46 | TP: $104.58 | SL: $109.38
2026-08-27 17:45:00,663 [ERROR] TradingEngine: ❌ [SELL FAILED] Strategy: MeanReversion | Asset: SOLUSDT | Error: APIError(code=-2019): Margin is insufficient.
2026-08-27 17:47:15,024 [INFO] TradingEngine: Dispatching hourly status report for $100.20 account equity.
2026-08-27 18:13:00,622 [INFO] TradingEngine: 🚀 [ATTEMPTING SELL] Strategy: MeanReversion | Asset: SOLUSDT | Qty: 0.2326 | Entry: $107.46 | TP: $104.62 | SL: $109.35
2026-08-27 18:13:01,334 [ERROR] TradingEngine: ❌ [SELL FAILED] Strategy: MeanReversion | Asset: SOLUSDT | Error: APIError(code=-2019): Margin is insufficient.
2026-08-27 18:13:19,271 [INFO] TradingEngine: 🚀 [ATTEMPTING SELL] Strategy: MeanReversion | Asset: BTCUSDT | Qty: 0.0003 | Entry: $80,667.20 | TP: $79,595.11 | SL: $81,381.93
2026-08-27 18:13:20,589 [ERROR] TradingEngine: ❌ [SELL FAILED] Strategy: MeanReversion | Asset: BTCUSDT | Error: APIError(code=-4003): Quantity less than or equal to zero.
2026-08-27 18:13:21,307 [INFO] TradingEngine: 🚀 [ATTEMPTING SELL] Strategy: MeanReversion | Asset: SOLUSDT | Qty: 0.2311 | Entry: $107.86 | TP: $104.91 | SL: $109.83
2026-08-27 18:13:22,118 [ERROR] TradingEngine: ❌ [SELL FAILED] Strategy: MeanReversion | Asset: SOLUSDT | Error: APIError(code=-2019): Margin is insufficient.
2026-08-27 18:13:39,574 [INFO] TradingEngine: 🚀 [ATTEMPTING SELL] Strategy: MeanReversion | Asset: BTCUSDT | Qty: 0.0003 | Entry: $80,719.10 | TP: $79,646.47 | SL: $81,434.19
2026-08-27 18:13:40,283 [ERROR] TradingEngine: ❌ [SELL FAILED] Strategy: MeanReversion | Asset: BTCUSDT | Error: APIError(code=-4003): Quantity less than or equal to zero.
2026-08-27 18:13:41,231 [INFO] TradingEngine: 🚀 [ATTEMPTING SELL] Strategy: MeanReversion | Asset: SOLUSDT | Qty: 0.2324 | Entry: $107.50 | TP: $104.55 | SL: $109.47
2026-08-27 18:13:45,097 [ERROR] TradingEngine: ❌ [SELL FAILED] Strategy: MeanReversion | Asset: SOLUSDT | Error: APIError(code=-2019): Margin is insufficient.
2026-08-27 18:14:02,603 [INFO] TradingEngine: 🚀 [ATTEMPTING SELL] Strategy: MeanReversion | Asset: BTCUSDT | Qty: 0.0003 | Entry: $80,693.70 | TP: $79,611.86 | SL: $81,414.93
2026-08-27 18:14:03,304 [ERROR] TradingEngine: ❌ [SELL FAILED] Strategy: MeanReversion | Asset: BTCUSDT | Error: APIError(code=-4003): Quantity less than or equal to zero.
2026-08-27 18:14:04,004 [INFO] TradingEngine: 🚀 [ATTEMPTING SELL] Strategy: MeanReversion | Asset: SOLUSDT | Qty: 0.2327 | Entry: $107.43 | TP: $104.48 | SL: $109.40
2026-08-27 18:14:04,689 [ERROR] TradingEngine: ❌ [SELL FAILED] Strategy: MeanReversion | Asset: SOLUSDT | Error: APIError(code=-2019): Margin is insufficient.
2026-08-27 18:14:22,169 [INFO] TradingEngine: 🚀 [ATTEMPTING SELL] Strategy: MeanReversion | Asset: BTCUSDT | Qty: 0.0003 | Entry: $80,715.10 | TP: $79,632.98 | SL: $81,436.51
2026-08-27 18:14:22,910 [ERROR] TradingEngine: ❌ [SELL FAILED] Strategy: MeanReversion | Asset: BTCUSDT | Error: APIError(code=-4003): Quantity less than or equal to zero.
2026-08-27 18:14:23,610 [INFO] TradingEngine: 🚀 [ATTEMPTING SELL] Strategy: MeanReversion | Asset: SOLUSDT | Qty: 0.2331 | Entry: $107.33 | TP: $104.38 | SL: $109.30
2026-08-27 18:14:24,295 [ERROR] TradingEngine: ❌ [SELL FAILED] Strategy: MeanReversion | Asset: SOLUSDT | Error: APIError(code=-2019): Margin is insufficient.
2026-08-27 18:14:41,866 [INFO] TradingEngine: 🚀 [ATTEMPTING SELL] Strategy: MeanReversion | Asset: BTCUSDT | Qty: 0.0003 | Entry: $80,614.90 | TP: $79,532.78 | SL: $81,336.31
2026-08-27 18:14:42,546 [ERROR] TradingEngine: ❌ [SELL FAILED] Strategy: MeanReversion | Asset: BTCUSDT | Error: APIError(code=-4003): Quantity less than or equal to zero.
2026-08-27 18:14:43,235 [INFO] TradingEngine: 🚀 [ATTEMPTING SELL] Strategy: MeanReversion | Asset: SOLUSDT | Qty: 0.2334 | Entry: $107.24 | TP: $104.29 | SL: $109.21
2026-08-27 18:14:43,940 [ERROR] TradingEngine: ❌ [SELL FAILED] Strategy: MeanReversion | Asset: SOLUSDT | Error: APIError(code=-2019): Margin is insufficient.
2026-08-27 18:15:01,393 [INFO] TradingEngine: 🚀 [ATTEMPTING SELL] Strategy: MeanReversion | Asset: BTCUSDT | Qty: 0.0003 | Entry: $80,638.10 | TP: $79,555.98 | SL: $81,359.51
2026-08-27 18:15:02,075 [ERROR] TradingEngine: ❌ [SELL FAILED] Strategy: MeanReversion | Asset: BTCUSDT | Error: APIError(code=-4003): Quantity less than or equal to zero.
2026-08-27 18:15:02,782 [INFO] TradingEngine: 🚀 [ATTEMPTING SELL] Strategy: MeanReversion | Asset: SOLUSDT | Qty: 0.2333 | Entry: $107.26 | TP: $104.31 | SL: $109.23
2026-08-27 18:15:03,467 [ERROR] TradingEngine: ❌ [SELL FAILED] Strategy: MeanReversion | Asset: SOLUSDT | Error: APIError(code=-2019): Margin is insufficient.
2026-08-27 18:27:38,954 [INFO] TradingEngine: 🚀 [ATTEMPTING SELL] Strategy: MeanReversion | Asset: BTCUSDT | Qty: 0.0003 | Entry: $80,646.00 | TP: $79,570.54 | SL: $81,362.98
2026-08-27 18:27:39,783 [ERROR] TradingEngine: ❌ [SELL FAILED] Strategy: MeanReversion | Asset: BTCUSDT | Error: APIError(code=-4003): Quantity less than or equal to zero.
2026-08-27 18:42:02,680 [INFO] TradingEngine: Shutdown signal received.
2026-08-27 18:42:02,680 [INFO] TradingEngine: Bot shutting down. Reason: Process Cancelled / Terminated
2026-08-27 18:42:03,143 [INFO] TradingEngine: Engine offline.
2026-08-27 18:59:02,322 [INFO] TradingEngine: Bot engine initialized. Dispatching start message to Telegram.
2026-08-27 18:59:04,408 [INFO] TradingEngine: Dispatching hourly status report for $100.08 account equity.
2026-08-27 19:34:17,304 [INFO] TradingEngine: Shutdown signal received.
2026-08-27 19:34:17,305 [INFO] TradingEngine: Bot shutting down. Reason: Process Cancelled / Terminated
2026-08-27 19:34:17,741 [INFO] TradingEngine: Engine offline.
2026-08-27 19:34:30,318 [INFO] TradingEngine: Bot engine initialized. Dispatching start message to Telegram.
2026-08-27 19:34:32,652 [INFO] TradingEngine: Dispatching hourly status report for $99.54 account equity.
2026-08-27 20:34:38,892 [INFO] TradingEngine: Dispatching hourly status report for $99.59 account equity.
2026-08-27 21:34:43,451 [INFO] TradingEngine: Dispatching hourly status report for $100.15 account equity.
2026-08-27 22:34:46,334 [INFO] TradingEngine: Dispatching hourly status report for $98.93 account equity.
2026-08-27 23:34:50,635 [INFO] TradingEngine: Dispatching hourly status report for $98.84 account equity.
2026-08-28 00:35:07,015 [INFO] TradingEngine: Dispatching hourly status report for $99.25 account equity.
2026-08-28 01:35:23,272 [INFO] TradingEngine: Dispatching hourly status report for $98.60 account equity.
2026-08-28 02:35:29,432 [INFO] TradingEngine: Dispatching hourly status report for $98.42 account equity.
2026-08-28 03:35:32,232 [INFO] TradingEngine: Dispatching hourly status report for $98.43 account equity.
2026-08-28 04:04:09,977 [INFO] TradingEngine: 🚀 [ATTEMPTING SELL] Strategy: MeanReversion | Asset: BTCUSDT | Qty: 0.0003 | Entry: $80,760.00 | TP: $80,128.16 | SL: $81,181.23
2026-08-28 04:04:10,763 [ERROR] TradingEngine: ❌ [SELL FAILED] Strategy: MeanReversion | Asset: BTCUSDT | Error: APIError(code=-4003): Quantity less than or equal to zero.
2026-08-28 04:05:01,971 [INFO] TradingEngine: 🚀 [ATTEMPTING SELL] Strategy: MeanReversion | Asset: BTCUSDT | Qty: 0.0003 | Entry: $80,756.10 | TP: $80,124.19 | SL: $81,177.37
2026-08-28 04:05:02,695 [ERROR] TradingEngine: ❌ [SELL FAILED] Strategy: MeanReversion | Asset: BTCUSDT | Error: APIError(code=-4003): Quantity less than or equal to zero.
2026-08-28 04:09:15,240 [INFO] TradingEngine: 🚀 [ATTEMPTING SELL] Strategy: MeanReversion | Asset: BTCUSDT | Qty: 0.0003 | Entry: $80,741.70 | TP: $80,109.79 | SL: $81,162.97
2026-08-28 04:09:15,991 [ERROR] TradingEngine: ❌ [SELL FAILED] Strategy: MeanReversion | Asset: BTCUSDT | Error: APIError(code=-4003): Quantity less than or equal to zero.
2026-08-28 04:09:33,381 [INFO] TradingEngine: 🚀 [ATTEMPTING SELL] Strategy: MeanReversion | Asset: BTCUSDT | Qty: 0.0003 | Entry: $80,753.50 | TP: $80,121.59 | SL: $81,174.77
2026-08-28 04:09:34,088 [ERROR] TradingEngine: ❌ [SELL FAILED] Strategy: MeanReversion | Asset: BTCUSDT | Error: APIError(code=-4003): Quantity less than or equal to zero.
2026-08-28 04:09:51,674 [INFO] TradingEngine: 🚀 [ATTEMPTING SELL] Strategy: MeanReversion | Asset: BTCUSDT | Qty: 0.0003 | Entry: $80,756.10 | TP: $80,124.19 | SL: $81,177.37
2026-08-28 04:09:52,357 [ERROR] TradingEngine: ❌ [SELL FAILED] Strategy: MeanReversion | Asset: BTCUSDT | Error: APIError(code=-4003): Quantity less than or equal to zero.
2026-08-28 04:10:09,927 [INFO] TradingEngine: 🚀 [ATTEMPTING SELL] Strategy: MeanReversion | Asset: BTCUSDT | Qty: 0.0003 | Entry: $80,753.50 | TP: $80,121.59 | SL: $81,174.77
2026-08-28 04:10:10,598 [ERROR] TradingEngine: ❌ [SELL FAILED] Strategy: MeanReversion | Asset: BTCUSDT | Error: APIError(code=-4003): Quantity less than or equal to zero.
2026-08-28 04:10:28,063 [INFO] TradingEngine: 🚀 [ATTEMPTING SELL] Strategy: MeanReversion | Asset: BTCUSDT | Qty: 0.0003 | Entry: $80,755.90 | TP: $80,123.99 | SL: $81,177.17
2026-08-28 04:10:28,782 [ERROR] TradingEngine: ❌ [SELL FAILED] Strategy: MeanReversion | Asset: BTCUSDT | Error: APIError(code=-4003): Quantity less than or equal to zero.
2026-08-28 04:10:46,475 [INFO] TradingEngine: 🚀 [ATTEMPTING SELL] Strategy: MeanReversion | Asset: BTCUSDT | Qty: 0.0003 | Entry: $80,757.10 | TP: $80,125.19 | SL: $81,178.37
2026-08-28 04:10:47,145 [ERROR] TradingEngine: ❌ [SELL FAILED] Strategy: MeanReversion | Asset: BTCUSDT | Error: APIError(code=-4003): Quantity less than or equal to zero.
2026-08-28 04:11:04,528 [INFO] TradingEngine: 🚀 [ATTEMPTING SELL] Strategy: MeanReversion | Asset: BTCUSDT | Qty: 0.0003 | Entry: $80,773.80 | TP: $80,141.89 | SL: $81,195.07
2026-08-28 04:11:05,256 [ERROR] TradingEngine: ❌ [SELL FAILED] Strategy: MeanReversion | Asset: BTCUSDT | Error: APIError(code=-4003): Quantity less than or equal to zero.
2026-08-28 04:11:22,693 [INFO] TradingEngine: 🚀 [ATTEMPTING SELL] Strategy: MeanReversion | Asset: BTCUSDT | Qty: 0.0003 | Entry: $80,823.40 | TP: $80,179.39 | SL: $81,252.74
2026-08-28 04:11:23,367 [ERROR] TradingEngine: ❌ [SELL FAILED] Strategy: MeanReversion | Asset: BTCUSDT | Error: APIError(code=-4003): Quantity less than or equal to zero.
2026-08-28 04:13:37,975 [INFO] TradingEngine: 🚀 [ATTEMPTING SELL] Strategy: MeanReversion | Asset: BTCUSDT | Qty: 0.0003 | Entry: $80,737.90 | TP: $80,093.89 | SL: $81,167.24
2026-08-28 04:13:38,662 [ERROR] TradingEngine: ❌ [SELL FAILED] Strategy: MeanReversion | Asset: BTCUSDT | Error: APIError(code=-4003): Quantity less than or equal to zero.
2026-08-28 04:13:56,331 [INFO] TradingEngine: 🚀 [ATTEMPTING SELL] Strategy: MeanReversion | Asset: BTCUSDT | Qty: 0.0003 | Entry: $80,761.90 | TP: $80,117.89 | SL: $81,191.24
2026-08-28 04:13:57,013 [ERROR] TradingEngine: ❌ [SELL FAILED] Strategy: MeanReversion | Asset: BTCUSDT | Error: APIError(code=-4003): Quantity less than or equal to zero.
2026-08-28 04:14:14,648 [INFO] TradingEngine: 🚀 [ATTEMPTING SELL] Strategy: MeanReversion | Asset: BTCUSDT | Qty: 0.0003 | Entry: $80,756.60 | TP: $80,112.59 | SL: $81,185.94
2026-08-28 04:14:15,575 [ERROR] TradingEngine: ❌ [SELL FAILED] Strategy: MeanReversion | Asset: BTCUSDT | Error: APIError(code=-4003): Quantity less than or equal to zero.
2026-08-28 04:14:49,702 [INFO] TradingEngine: 🚀 [ATTEMPTING SELL] Strategy: MeanReversion | Asset: BTCUSDT | Qty: 0.0003 | Entry: $80,726.00 | TP: $80,081.99 | SL: $81,155.34
2026-08-28 04:14:50,383 [ERROR] TradingEngine: ❌ [SELL FAILED] Strategy: MeanReversion | Asset: BTCUSDT | Error: APIError(code=-4003): Quantity less than or equal to zero.
2026-08-28 04:19:02,854 [INFO] TradingEngine: 🚀 [ATTEMPTING SELL] Strategy: MeanReversion | Asset: BNBUSDT | Qty: 0.0343 | Entry: $718.45 | TP: $713.36 | SL: $721.84
2026-08-28 04:19:03,551 [ERROR] TradingEngine: ❌ [SELL FAILED] Strategy: MeanReversion | Asset: BNBUSDT | Error: APIError(code=-2019): Margin is insufficient.
2026-08-28 04:19:21,001 [INFO] TradingEngine: 🚀 [ATTEMPTING SELL] Strategy: MeanReversion | Asset: BTCUSDT | Qty: 0.0003 | Entry: $81,013.10 | TP: $80,327.40 | SL: $81,470.23
2026-08-28 04:19:21,668 [ERROR] TradingEngine: ❌ [SELL FAILED] Strategy: MeanReversion | Asset: BTCUSDT | Error: APIError(code=-4003): Quantity less than or equal to zero.
2026-08-28 04:19:22,347 [INFO] TradingEngine: 🚀 [ATTEMPTING SELL] Strategy: MeanReversion | Asset: BNBUSDT | Qty: 0.0343 | Entry: $718.80 | TP: $713.68 | SL: $722.21
2026-08-28 04:19:23,016 [ERROR] TradingEngine: ❌ [SELL FAILED] Strategy: MeanReversion | Asset: BNBUSDT | Error: APIError(code=-2019): Margin is insufficient.
2026-08-28 04:19:40,634 [INFO] TradingEngine: 🚀 [ATTEMPTING SELL] Strategy: MeanReversion | Asset: BTCUSDT | Qty: 0.0003 | Entry: $80,976.30 | TP: $80,290.60 | SL: $81,433.43
2026-08-28 04:19:41,310 [ERROR] TradingEngine: ❌ [SELL FAILED] Strategy: MeanReversion | Asset: BTCUSDT | Error: APIError(code=-4003): Quantity less than or equal to zero.
2026-08-28 04:19:42,027 [INFO] TradingEngine: 🚀 [ATTEMPTING SELL] Strategy: MeanReversion | Asset: BNBUSDT | Qty: 0.0343 | Entry: $719.07 | TP: $713.90 | SL: $722.52
2026-08-28 04:19:42,731 [ERROR] TradingEngine: ❌ [SELL FAILED] Strategy: MeanReversion | Asset: BNBUSDT | Error: APIError(code=-2019): Margin is insufficient.
2026-08-28 04:20:00,148 [INFO] TradingEngine: 🚀 [ATTEMPTING SELL] Strategy: MeanReversion | Asset: BTCUSDT | Qty: 0.0003 | Entry: $80,941.30 | TP: $80,255.60 | SL: $81,398.43
2026-08-28 04:20:00,846 [ERROR] TradingEngine: ❌ [SELL FAILED] Strategy: MeanReversion | Asset: BTCUSDT | Error: APIError(code=-4003): Quantity less than or equal to zero.
2026-08-28 04:20:01,527 [INFO] TradingEngine: 🚀 [ATTEMPTING SELL] Strategy: MeanReversion | Asset: BNBUSDT | Qty: 0.0343 | Entry: $718.30 | TP: $713.13 | SL: $721.75
2026-08-28 04:20:02,214 [ERROR] TradingEngine: ❌ [SELL FAILED] Strategy: MeanReversion | Asset: BNBUSDT | Error: APIError(code=-2019): Margin is insufficient.
2026-08-28 04:20:19,593 [INFO] TradingEngine: 🚀 [ATTEMPTING SELL] Strategy: MeanReversion | Asset: BTCUSDT | Qty: 0.0003 | Entry: $81,019.70 | TP: $80,334.00 | SL: $81,476.83
2026-08-28 04:20:20,301 [ERROR] TradingEngine: ❌ [SELL FAILED] Strategy: MeanReversion | Asset: BTCUSDT | Error: APIError(code=-4003): Quantity less than or equal to zero.
2026-08-28 04:20:20,970 [INFO] TradingEngine: 🚀 [ATTEMPTING SELL] Strategy: MeanReversion | Asset: BNBUSDT | Qty: 0.0343 | Entry: $718.89 | TP: $713.72 | SL: $722.34
2026-08-28 04:20:21,652 [ERROR] TradingEngine: ❌ [SELL FAILED] Strategy: MeanReversion | Asset: BNBUSDT | Error: APIError(code=-2019): Margin is insufficient.
2026-08-28 04:20:39,038 [INFO] TradingEngine: 🚀 [ATTEMPTING SELL] Strategy: MeanReversion | Asset: BTCUSDT | Qty: 0.0003 | Entry: $81,064.40 | TP: $80,376.24 | SL: $81,523.18
2026-08-28 04:20:39,724 [ERROR] TradingEngine: ❌ [SELL FAILED] Strategy: MeanReversion | Asset: BTCUSDT | Error: APIError(code=-4003): Quantity less than or equal to zero.
2026-08-28 04:20:40,411 [INFO] TradingEngine: 🚀 [ATTEMPTING SELL] Strategy: MeanReversion | Asset: BNBUSDT | Qty: 0.0343 | Entry: $718.93 | TP: $713.75 | SL: $722.38
2026-08-28 04:20:41,126 [ERROR] TradingEngine: ❌ [SELL FAILED] Strategy: MeanReversion | Asset: BNBUSDT | Error: APIError(code=-2019): Margin is insufficient.
2026-08-28 04:20:58,966 [INFO] TradingEngine: 🚀 [ATTEMPTING SELL] Strategy: MeanReversion | Asset: BTCUSDT | Qty: 0.0003 | Entry: $81,071.70 | TP: $80,373.66 | SL: $81,537.06
2026-08-28 04:20:59,650 [ERROR] TradingEngine: ❌ [SELL FAILED] Strategy: MeanReversion | Asset: BTCUSDT | Error: APIError(code=-4003): Quantity less than or equal to zero.
2026-08-28 04:21:00,327 [INFO] TradingEngine: 🚀 [ATTEMPTING SELL] Strategy: MeanReversion | Asset: BNBUSDT | Qty: 0.0343 | Entry: $719.00 | TP: $713.82 | SL: $722.45
2026-08-28 04:21:01,130 [ERROR] TradingEngine: ❌ [SELL FAILED] Strategy: MeanReversion | Asset: BNBUSDT | Error: APIError(code=-2019): Margin is insufficient.
2026-08-28 04:21:18,511 [INFO] TradingEngine: 🚀 [ATTEMPTING SELL] Strategy: MeanReversion | Asset: BTCUSDT | Qty: 0.0003 | Entry: $81,071.40 | TP: $80,373.36 | SL: $81,536.76
2026-08-28 04:21:19,278 [ERROR] TradingEngine: ❌ [SELL FAILED] Strategy: MeanReversion | Asset: BTCUSDT | Error: APIError(code=-4003): Quantity less than or equal to zero.
2026-08-28 04:21:19,955 [INFO] TradingEngine: 🚀 [ATTEMPTING SELL] Strategy: MeanReversion | Asset: BNBUSDT | Qty: 0.0343 | Entry: $718.97 | TP: $713.79 | SL: $722.42
2026-08-28 04:21:20,630 [ERROR] TradingEngine: ❌ [SELL FAILED] Strategy: MeanReversion | Asset: BNBUSDT | Error: APIError(code=-2019): Margin is insufficient.
2026-08-28 04:21:38,047 [INFO] TradingEngine: 🚀 [ATTEMPTING SELL] Strategy: MeanReversion | Asset: BTCUSDT | Qty: 0.0003 | Entry: $81,040.00 | TP: $80,341.96 | SL: $81,505.36
2026-08-28 04:21:38,730 [ERROR] TradingEngine: ❌ [SELL FAILED] Strategy: MeanReversion | Asset: BTCUSDT | Error: APIError(code=-4003): Quantity less than or equal to zero.
2026-08-28 04:21:39,693 [INFO] TradingEngine: 🚀 [ATTEMPTING SELL] Strategy: MeanReversion | Asset: BNBUSDT | Qty: 0.0343 | Entry: $718.66 | TP: $713.48 | SL: $722.11
2026-08-28 04:21:40,401 [ERROR] TradingEngine: ❌ [SELL FAILED] Strategy: MeanReversion | Asset: BNBUSDT | Error: APIError(code=-2019): Margin is insufficient.
2026-08-28 04:21:58,295 [INFO] TradingEngine: 🚀 [ATTEMPTING SELL] Strategy: MeanReversion | Asset: BTCUSDT | Qty: 0.0003 | Entry: $80,983.70 | TP: $80,285.66 | SL: $81,449.06
2026-08-28 04:21:59,226 [ERROR] TradingEngine: ❌ [SELL FAILED] Strategy: MeanReversion | Asset: BTCUSDT | Error: APIError(code=-4003): Quantity less than or equal to zero.
2026-08-28 04:21:59,928 [INFO] TradingEngine: 🚀 [ATTEMPTING SELL] Strategy: MeanReversion | Asset: BNBUSDT | Qty: 0.0343 | Entry: $718.20 | TP: $713.02 | SL: $721.65
2026-08-28 04:22:00,681 [ERROR] TradingEngine: ❌ [SELL FAILED] Strategy: MeanReversion | Asset: BNBUSDT | Error: APIError(code=-2019): Margin is insufficient.
2026-08-28 04:22:18,421 [INFO] TradingEngine: 🚀 [ATTEMPTING SELL] Strategy: MeanReversion | Asset: BTCUSDT | Qty: 0.0003 | Entry: $81,001.90 | TP: $80,303.86 | SL: $81,467.26
2026-08-28 04:22:19,139 [ERROR] TradingEngine: ❌ [SELL FAILED] Strategy: MeanReversion | Asset: BTCUSDT | Error: APIError(code=-4003): Quantity less than or equal to zero.
2026-08-28 04:22:19,801 [INFO] TradingEngine: 🚀 [ATTEMPTING SELL] Strategy: MeanReversion | Asset: BNBUSDT | Qty: 0.0343 | Entry: $718.49 | TP: $713.31 | SL: $721.94
2026-08-28 04:22:20,470 [ERROR] TradingEngine: ❌ [SELL FAILED] Strategy: MeanReversion | Asset: BNBUSDT | Error: APIError(code=-2019): Margin is insufficient.
2026-08-28 04:22:37,891 [INFO] TradingEngine: 🚀 [ATTEMPTING SELL] Strategy: MeanReversion | Asset: BTCUSDT | Qty: 0.0003 | Entry: $81,000.70 | TP: $80,302.66 | SL: $81,466.06
2026-08-28 04:22:38,569 [ERROR] TradingEngine: ❌ [SELL FAILED] Strategy: MeanReversion | Asset: BTCUSDT | Error: APIError(code=-4003): Quantity less than or equal to zero.
2026-08-28 04:22:39,254 [INFO] TradingEngine: 🚀 [ATTEMPTING SELL] Strategy: MeanReversion | Asset: BNBUSDT | Qty: 0.0343 | Entry: $718.29 | TP: $713.11 | SL: $721.74
2026-08-28 04:22:39,923 [ERROR] TradingEngine: ❌ [SELL FAILED] Strategy: MeanReversion | Asset: BNBUSDT | Error: APIError(code=-2019): Margin is insufficient.
2026-08-28 04:22:57,378 [INFO] TradingEngine: 🚀 [ATTEMPTING SELL] Strategy: MeanReversion | Asset: BTCUSDT | Qty: 0.0003 | Entry: $80,990.60 | TP: $80,292.56 | SL: $81,455.96
2026-08-28 04:22:58,076 [ERROR] TradingEngine: ❌ [SELL FAILED] Strategy: MeanReversion | Asset: BTCUSDT | Error: APIError(code=-4003): Quantity less than or equal to zero.
2026-08-28 04:22:58,829 [INFO] TradingEngine: 🚀 [ATTEMPTING SELL] Strategy: MeanReversion | Asset: BNBUSDT | Qty: 0.0343 | Entry: $718.00 | TP: $712.82 | SL: $721.45
2026-08-28 04:22:59,519 [ERROR] TradingEngine: ❌ [SELL FAILED] Strategy: MeanReversion | Asset: BNBUSDT | Error: APIError(code=-2019): Margin is insufficient.
2026-08-28 04:23:17,161 [INFO] TradingEngine: 🚀 [ATTEMPTING SELL] Strategy: MeanReversion | Asset: BTCUSDT | Qty: 0.0003 | Entry: $80,970.00 | TP: $80,271.96 | SL: $81,435.36
2026-08-28 04:23:17,831 [ERROR] TradingEngine: ❌ [SELL FAILED] Strategy: MeanReversion | Asset: BTCUSDT | Error: APIError(code=-4003): Quantity less than or equal to zero.
2026-08-28 04:23:18,757 [INFO] TradingEngine: 🚀 [ATTEMPTING SELL] Strategy: MeanReversion | Asset: BNBUSDT | Qty: 0.0344 | Entry: $717.99 | TP: $712.81 | SL: $721.44
2026-08-28 04:23:19,445 [ERROR] TradingEngine: ❌ [SELL FAILED] Strategy: MeanReversion | Asset: BNBUSDT | Error: APIError(code=-2019): Margin is insufficient.
2026-08-28 04:23:36,897 [INFO] TradingEngine: 🚀 [ATTEMPTING SELL] Strategy: MeanReversion | Asset: BTCUSDT | Qty: 0.0003 | Entry: $80,982.60 | TP: $80,284.56 | SL: $81,447.96
2026-08-28 04:23:37,608 [ERROR] TradingEngine: ❌ [SELL FAILED] Strategy: MeanReversion | Asset: BTCUSDT | Error: APIError(code=-4003): Quantity less than or equal to zero.
2026-08-28 04:23:38,284 [INFO] TradingEngine: 🚀 [ATTEMPTING SELL] Strategy: MeanReversion | Asset: BNBUSDT | Qty: 0.0343 | Entry: $718.05 | TP: $712.87 | SL: $721.50
2026-08-28 04:23:38,950 [ERROR] TradingEngine: ❌ [SELL FAILED] Strategy: MeanReversion | Asset: BNBUSDT | Error: APIError(code=-2019): Margin is insufficient.
2026-08-28 04:23:56,600 [INFO] TradingEngine: 🚀 [ATTEMPTING SELL] Strategy: MeanReversion | Asset: BTCUSDT | Qty: 0.0003 | Entry: $80,987.30 | TP: $80,289.26 | SL: $81,452.66
2026-08-28 04:23:57,311 [ERROR] TradingEngine: ❌ [SELL FAILED] Strategy: MeanReversion | Asset: BTCUSDT | Error: APIError(code=-4003): Quantity less than or equal to zero.
2026-08-28 04:23:57,986 [INFO] TradingEngine: 🚀 [ATTEMPTING SELL] Strategy: MeanReversion | Asset: BNBUSDT | Qty: 0.0343 | Entry: $718.10 | TP: $712.92 | SL: $721.55
2026-08-28 04:23:58,665 [ERROR] TradingEngine: ❌ [SELL FAILED] Strategy: MeanReversion | Asset: BNBUSDT | Error: APIError(code=-2019): Margin is insufficient.
2026-08-28 04:24:16,073 [INFO] TradingEngine: 🚀 [ATTEMPTING SELL] Strategy: MeanReversion | Asset: BTCUSDT | Qty: 0.0003 | Entry: $81,034.20 | TP: $80,336.16 | SL: $81,499.56
2026-08-28 04:24:16,812 [ERROR] TradingEngine: ❌ [SELL FAILED] Strategy: MeanReversion | Asset: BTCUSDT | Error: APIError(code=-4003): Quantity less than or equal to zero.
2026-08-28 04:24:17,515 [INFO] TradingEngine: 🚀 [ATTEMPTING SELL] Strategy: MeanReversion | Asset: BNBUSDT | Qty: 0.0343 | Entry: $718.48 | TP: $713.30 | SL: $721.93
2026-08-28 04:24:18,259 [ERROR] TradingEngine: ❌ [SELL FAILED] Strategy: MeanReversion | Asset: BNBUSDT | Error: APIError(code=-2019): Margin is insufficient.
2026-08-28 04:24:35,660 [INFO] TradingEngine: 🚀 [ATTEMPTING SELL] Strategy: MeanReversion | Asset: BTCUSDT | Qty: 0.0003 | Entry: $81,056.00 | TP: $80,357.96 | SL: $81,521.36
2026-08-28 04:24:36,523 [ERROR] TradingEngine: ❌ [SELL FAILED] Strategy: MeanReversion | Asset: BTCUSDT | Error: APIError(code=-4003): Quantity less than or equal to zero.
2026-08-28 04:24:37,438 [INFO] TradingEngine: 🚀 [ATTEMPTING SELL] Strategy: MeanReversion | Asset: BNBUSDT | Qty: 0.0343 | Entry: $718.42 | TP: $713.24 | SL: $721.87
2026-08-28 04:24:38,115 [ERROR] TradingEngine: ❌ [SELL FAILED] Strategy: MeanReversion | Asset: BNBUSDT | Error: APIError(code=-2019): Margin is insufficient.
2026-08-28 04:24:55,527 [INFO] TradingEngine: 🚀 [ATTEMPTING SELL] Strategy: MeanReversion | Asset: BTCUSDT | Qty: 0.0003 | Entry: $81,005.40 | TP: $80,307.36 | SL: $81,470.76
2026-08-28 04:24:56,207 [ERROR] TradingEngine: ❌ [SELL FAILED] Strategy: MeanReversion | Asset: BTCUSDT | Error: APIError(code=-4003): Quantity less than or equal to zero.
2026-08-28 04:24:57,140 [INFO] TradingEngine: 🚀 [ATTEMPTING SELL] Strategy: MeanReversion | Asset: BNBUSDT | Qty: 0.0343 | Entry: $718.29 | TP: $713.11 | SL: $721.74
2026-08-28 04:24:57,813 [ERROR] TradingEngine: ❌ [SELL FAILED] Strategy: MeanReversion | Asset: BNBUSDT | Error: APIError(code=-2019): Margin is insufficient.
2026-08-28 04:25:15,296 [INFO] TradingEngine: 🚀 [ATTEMPTING SELL] Strategy: MeanReversion | Asset: BTCUSDT | Qty: 0.0003 | Entry: $81,043.90 | TP: $80,345.86 | SL: $81,509.26
2026-08-28 04:25:15,973 [ERROR] TradingEngine: ❌ [SELL FAILED] Strategy: MeanReversion | Asset: BTCUSDT | Error: APIError(code=-4003): Quantity less than or equal to zero.
2026-08-28 04:25:16,690 [INFO] TradingEngine: 🚀 [ATTEMPTING SELL] Strategy: MeanReversion | Asset: BNBUSDT | Qty: 0.0343 | Entry: $718.46 | TP: $713.28 | SL: $721.91
2026-08-28 04:25:17,370 [ERROR] TradingEngine: ❌ [SELL FAILED] Strategy: MeanReversion | Asset: BNBUSDT | Error: APIError(code=-2019): Margin is insufficient.
2026-08-28 04:25:34,791 [INFO] TradingEngine: 🚀 [ATTEMPTING SELL] Strategy: MeanReversion | Asset: BTCUSDT | Qty: 0.0003 | Entry: $81,042.40 | TP: $80,344.36 | SL: $81,507.76
2026-08-28 04:25:35,460 [ERROR] TradingEngine: ❌ [SELL FAILED] Strategy: MeanReversion | Asset: BTCUSDT | Error: APIError(code=-4003): Quantity less than or equal to zero.
2026-08-28 04:25:36,145 [INFO] TradingEngine: 🚀 [ATTEMPTING SELL] Strategy: MeanReversion | Asset: BNBUSDT | Qty: 0.0343 | Entry: $718.50 | TP: $713.32 | SL: $721.95
2026-08-28 04:25:36,810 [ERROR] TradingEngine: ❌ [SELL FAILED] Strategy: MeanReversion | Asset: BNBUSDT | Error: APIError(code=-2019): Margin is insufficient.
2026-08-28 04:25:54,226 [INFO] TradingEngine: 🚀 [ATTEMPTING SELL] Strategy: MeanReversion | Asset: BTCUSDT | Qty: 0.0003 | Entry: $81,016.20 | TP: $80,318.16 | SL: $81,481.56
2026-08-28 04:25:54,898 [ERROR] TradingEngine: ❌ [SELL FAILED] Strategy: MeanReversion | Asset: BTCUSDT | Error: APIError(code=-4003): Quantity less than or equal to zero.
2026-08-28 04:25:55,567 [INFO] TradingEngine: 🚀 [ATTEMPTING SELL] Strategy: MeanReversion | Asset: BNBUSDT | Qty: 0.0343 | Entry: $718.50 | TP: $713.32 | SL: $721.95
2026-08-28 04:25:56,264 [ERROR] TradingEngine: ❌ [SELL FAILED] Strategy: MeanReversion | Asset: BNBUSDT | Error: APIError(code=-2019): Margin is insufficient.
2026-08-28 04:26:13,685 [INFO] TradingEngine: 🚀 [ATTEMPTING SELL] Strategy: MeanReversion | Asset: BTCUSDT | Qty: 0.0003 | Entry: $80,974.20 | TP: $80,276.16 | SL: $81,439.56
2026-08-28 04:26:14,381 [ERROR] TradingEngine: ❌ [SELL FAILED] Strategy: MeanReversion | Asset: BTCUSDT | Error: APIError(code=-4003): Quantity less than or equal to zero.
2026-08-28 04:26:15,065 [INFO] TradingEngine: 🚀 [ATTEMPTING SELL] Strategy: MeanReversion | Asset: BNBUSDT | Qty: 0.0343 | Entry: $718.23 | TP: $713.05 | SL: $721.68
2026-08-28 04:26:15,739 [ERROR] TradingEngine: ❌ [SELL FAILED] Strategy: MeanReversion | Asset: BNBUSDT | Error: APIError(code=-2019): Margin is insufficient.
2026-08-28 04:26:33,202 [INFO] TradingEngine: 🚀 [ATTEMPTING SELL] Strategy: MeanReversion | Asset: BTCUSDT | Qty: 0.0003 | Entry: $81,057.80 | TP: $80,359.76 | SL: $81,523.16
2026-08-28 04:26:33,883 [ERROR] TradingEngine: ❌ [SELL FAILED] Strategy: MeanReversion | Asset: BTCUSDT | Error: APIError(code=-4003): Quantity less than or equal to zero.
2026-08-28 04:26:34,617 [INFO] TradingEngine: 🚀 [ATTEMPTING SELL] Strategy: MeanReversion | Asset: BNBUSDT | Qty: 0.0343 | Entry: $718.57 | TP: $713.39 | SL: $722.02
2026-08-28 04:26:35,290 [ERROR] TradingEngine: ❌ [SELL FAILED] Strategy: MeanReversion | Asset: BNBUSDT | Error: APIError(code=-2019): Margin is insufficient.
2026-08-28 04:26:52,704 [INFO] TradingEngine: 🚀 [ATTEMPTING SELL] Strategy: MeanReversion | Asset: BTCUSDT | Qty: 0.0003 | Entry: $81,053.00 | TP: $80,354.96 | SL: $81,518.36
2026-08-28 04:26:53,564 [ERROR] TradingEngine: ❌ [SELL FAILED] Strategy: MeanReversion | Asset: BTCUSDT | Error: APIError(code=-4003): Quantity less than or equal to zero.
2026-08-28 04:26:54,229 [INFO] TradingEngine: 🚀 [ATTEMPTING SELL] Strategy: MeanReversion | Asset: BNBUSDT | Qty: 0.0343 | Entry: $718.52 | TP: $713.34 | SL: $721.97
2026-08-28 04:26:54,899 [ERROR] TradingEngine: ❌ [SELL FAILED] Strategy: MeanReversion | Asset: BNBUSDT | Error: APIError(code=-2019): Margin is insufficient.
2026-08-28 04:27:12,450 [INFO] TradingEngine: 🚀 [ATTEMPTING SELL] Strategy: MeanReversion | Asset: BTCUSDT | Qty: 0.0003 | Entry: $81,023.80 | TP: $80,325.76 | SL: $81,489.16
2026-08-28 04:27:13,349 [ERROR] TradingEngine: ❌ [SELL FAILED] Strategy: MeanReversion | Asset: BTCUSDT | Error: APIError(code=-4003): Quantity less than or equal to zero.
2026-08-28 04:27:14,129 [INFO] TradingEngine: 🚀 [ATTEMPTING SELL] Strategy: MeanReversion | Asset: BNBUSDT | Qty: 0.0343 | Entry: $718.50 | TP: $713.32 | SL: $721.95
2026-08-28 04:27:14,839 [ERROR] TradingEngine: ❌ [SELL FAILED] Strategy: MeanReversion | Asset: BNBUSDT | Error: APIError(code=-2019): Margin is insufficient.
2026-08-28 04:27:32,259 [INFO] TradingEngine: 🚀 [ATTEMPTING SELL] Strategy: MeanReversion | Asset: BTCUSDT | Qty: 0.0003 | Entry: $81,011.80 | TP: $80,313.76 | SL: $81,477.16
2026-08-28 04:27:32,934 [ERROR] TradingEngine: ❌ [SELL FAILED] Strategy: MeanReversion | Asset: BTCUSDT | Error: APIError(code=-4003): Quantity less than or equal to zero.
2026-08-28 04:27:33,613 [INFO] TradingEngine: 🚀 [ATTEMPTING SELL] Strategy: MeanReversion | Asset: BNBUSDT | Qty: 0.0343 | Entry: $718.15 | TP: $712.97 | SL: $721.60
2026-08-28 04:27:34,276 [ERROR] TradingEngine: ❌ [SELL FAILED] Strategy: MeanReversion | Asset: BNBUSDT | Error: APIError(code=-2019): Margin is insufficient.
2026-08-28 04:27:51,709 [INFO] TradingEngine: 🚀 [ATTEMPTING SELL] Strategy: MeanReversion | Asset: BTCUSDT | Qty: 0.0003 | Entry: $81,046.90 | TP: $80,348.86 | SL: $81,512.26
2026-08-28 04:27:52,384 [ERROR] TradingEngine: ❌ [SELL FAILED] Strategy: MeanReversion | Asset: BTCUSDT | Error: APIError(code=-4003): Quantity less than or equal to zero.
2026-08-28 04:27:53,040 [INFO] TradingEngine: 🚀 [ATTEMPTING SELL] Strategy: MeanReversion | Asset: BNBUSDT | Qty: 0.0343 | Entry: $718.41 | TP: $713.23 | SL: $721.86
2026-08-28 04:27:53,716 [ERROR] TradingEngine: ❌ [SELL FAILED] Strategy: MeanReversion | Asset: BNBUSDT | Error: APIError(code=-2019): Margin is insufficient.
2026-08-28 04:28:11,437 [INFO] TradingEngine: 🚀 [ATTEMPTING SELL] Strategy: MeanReversion | Asset: BTCUSDT | Qty: 0.0003 | Entry: $81,083.40 | TP: $80,385.36 | SL: $81,548.76
2026-08-28 04:28:12,171 [ERROR] TradingEngine: ❌ [SELL FAILED] Strategy: MeanReversion | Asset: BTCUSDT | Error: APIError(code=-4003): Quantity less than or equal to zero.
2026-08-28 04:28:12,855 [INFO] TradingEngine: 🚀 [ATTEMPTING SELL] Strategy: MeanReversion | Asset: BNBUSDT | Qty: 0.0343 | Entry: $718.46 | TP: $713.28 | SL: $721.91
2026-08-28 04:28:13,532 [ERROR] TradingEngine: ❌ [SELL FAILED] Strategy: MeanReversion | Asset: BNBUSDT | Error: APIError(code=-2019): Margin is insufficient.
2026-08-28 04:28:31,222 [INFO] TradingEngine: 🚀 [ATTEMPTING SELL] Strategy: MeanReversion | Asset: BTCUSDT | Qty: 0.0003 | Entry: $81,087.90 | TP: $80,389.86 | SL: $81,553.26
2026-08-28 04:28:31,918 [ERROR] TradingEngine: ❌ [SELL FAILED] Strategy: MeanReversion | Asset: BTCUSDT | Error: APIError(code=-4003): Quantity less than or equal to zero.
2026-08-28 04:28:32,622 [INFO] TradingEngine: 🚀 [ATTEMPTING SELL] Strategy: MeanReversion | Asset: BNBUSDT | Qty: 0.0343 | Entry: $718.51 | TP: $713.33 | SL: $721.96
2026-08-28 04:28:33,304 [ERROR] TradingEngine: ❌ [SELL FAILED] Strategy: MeanReversion | Asset: BNBUSDT | Error: APIError(code=-2019): Margin is insufficient.
2026-08-28 04:28:50,712 [INFO] TradingEngine: 🚀 [ATTEMPTING SELL] Strategy: MeanReversion | Asset: BTCUSDT | Qty: 0.0003 | Entry: $81,090.90 | TP: $80,392.86 | SL: $81,556.26
2026-08-28 04:28:51,380 [ERROR] TradingEngine: ❌ [SELL FAILED] Strategy: MeanReversion | Asset: BTCUSDT | Error: APIError(code=-4003): Quantity less than or equal to zero.
2026-08-28 04:28:52,055 [INFO] TradingEngine: 🚀 [ATTEMPTING SELL] Strategy: MeanReversion | Asset: BNBUSDT | Qty: 0.0343 | Entry: $718.71 | TP: $713.53 | SL: $722.16
2026-08-28 04:28:52,743 [ERROR] TradingEngine: ❌ [SELL FAILED] Strategy: MeanReversion | Asset: BNBUSDT | Error: APIError(code=-2019): Margin is insufficient.
2026-08-28 04:29:10,174 [INFO] TradingEngine: 🚀 [ATTEMPTING SELL] Strategy: MeanReversion | Asset: BTCUSDT | Qty: 0.0003 | Entry: $81,050.00 | TP: $80,351.96 | SL: $81,515.36
2026-08-28 04:29:10,877 [ERROR] TradingEngine: ❌ [SELL FAILED] Strategy: MeanReversion | Asset: BTCUSDT | Error: APIError(code=-4003): Quantity less than or equal to zero.
2026-08-28 04:29:11,549 [INFO] TradingEngine: 🚀 [ATTEMPTING SELL] Strategy: MeanReversion | Asset: BNBUSDT | Qty: 0.0343 | Entry: $718.13 | TP: $712.95 | SL: $721.58
2026-08-28 04:29:12,223 [ERROR] TradingEngine: ❌ [SELL FAILED] Strategy: MeanReversion | Asset: BNBUSDT | Error: APIError(code=-2019): Margin is insufficient.
2026-08-28 04:29:29,652 [INFO] TradingEngine: 🚀 [ATTEMPTING SELL] Strategy: MeanReversion | Asset: BTCUSDT | Qty: 0.0003 | Entry: $81,136.10 | TP: $80,429.59 | SL: $81,607.10
2026-08-28 04:29:30,320 [ERROR] TradingEngine: ❌ [SELL FAILED] Strategy: MeanReversion | Asset: BTCUSDT | Error: APIError(code=-4003): Quantity less than or equal to zero.
2026-08-28 04:29:31,239 [INFO] TradingEngine: 🚀 [ATTEMPTING SELL] Strategy: MeanReversion | Asset: BNBUSDT | Qty: 0.0343 | Entry: $718.67 | TP: $713.49 | SL: $722.12
2026-08-28 04:29:31,927 [ERROR] TradingEngine: ❌ [SELL FAILED] Strategy: MeanReversion | Asset: BNBUSDT | Error: APIError(code=-2019): Margin is insufficient.
2026-08-28 04:29:49,721 [INFO] TradingEngine: 🚀 [ATTEMPTING SELL] Strategy: MeanReversion | Asset: BTCUSDT | Qty: 0.0003 | Entry: $81,078.00 | TP: $80,371.49 | SL: $81,549.00
2026-08-28 04:29:50,399 [ERROR] TradingEngine: ❌ [SELL FAILED] Strategy: MeanReversion | Asset: BTCUSDT | Error: APIError(code=-4003): Quantity less than or equal to zero.
2026-08-28 04:29:51,060 [INFO] TradingEngine: 🚀 [ATTEMPTING SELL] Strategy: MeanReversion | Asset: BNBUSDT | Qty: 0.0343 | Entry: $718.47 | TP: $713.29 | SL: $721.92
2026-08-28 04:29:51,724 [ERROR] TradingEngine: ❌ [SELL FAILED] Strategy: MeanReversion | Asset: BNBUSDT | Error: APIError(code=-2019): Margin is insufficient.
2026-08-28 04:30:09,210 [INFO] TradingEngine: 🚀 [ATTEMPTING SELL] Strategy: MeanReversion | Asset: BNBUSDT | Qty: 0.0343 | Entry: $718.47 | TP: $713.29 | SL: $721.92
2026-08-28 04:30:09,908 [ERROR] TradingEngine: ❌ [SELL FAILED] Strategy: MeanReversion | Asset: BNBUSDT | Error: APIError(code=-2019): Margin is insufficient.
2026-08-28 04:33:32,570 [INFO] TradingEngine: 🚀 [ATTEMPTING SELL] Strategy: MeanReversion | Asset: BTCUSDT | Qty: 0.0003 | Entry: $81,287.50 | TP: $80,529.24 | SL: $81,793.01
2026-08-28 04:33:33,252 [ERROR] TradingEngine: ❌ [SELL FAILED] Strategy: MeanReversion | Asset: BTCUSDT | Error: APIError(code=-4003): Quantity less than or equal to zero.
2026-08-28 04:33:50,980 [INFO] TradingEngine: 🚀 [ATTEMPTING SELL] Strategy: MeanReversion | Asset: BTCUSDT | Qty: 0.0003 | Entry: $81,274.70 | TP: $80,516.44 | SL: $81,780.21
2026-08-28 04:33:51,686 [ERROR] TradingEngine: ❌ [SELL FAILED] Strategy: MeanReversion | Asset: BTCUSDT | Error: APIError(code=-4003): Quantity less than or equal to zero.
2026-08-28 04:34:09,447 [INFO] TradingEngine: 🚀 [ATTEMPTING SELL] Strategy: MeanReversion | Asset: BTCUSDT | Qty: 0.0003 | Entry: $81,198.90 | TP: $80,440.64 | SL: $81,704.41
2026-08-28 04:34:10,149 [ERROR] TradingEngine: ❌ [SELL FAILED] Strategy: MeanReversion | Asset: BTCUSDT | Error: APIError(code=-4003): Quantity less than or equal to zero.
2026-08-28 04:34:27,533 [INFO] TradingEngine: 🚀 [ATTEMPTING SELL] Strategy: MeanReversion | Asset: BTCUSDT | Qty: 0.0003 | Entry: $81,180.90 | TP: $80,422.64 | SL: $81,686.41
2026-08-28 04:34:28,203 [ERROR] TradingEngine: ❌ [SELL FAILED] Strategy: MeanReversion | Asset: BTCUSDT | Error: APIError(code=-4003): Quantity less than or equal to zero.
2026-08-28 04:34:45,572 [INFO] TradingEngine: 🚀 [ATTEMPTING SELL] Strategy: MeanReversion | Asset: BTCUSDT | Qty: 0.0003 | Entry: $81,100.00 | TP: $80,341.74 | SL: $81,605.51
2026-08-28 04:34:46,437 [ERROR] TradingEngine: ❌ [SELL FAILED] Strategy: MeanReversion | Asset: BTCUSDT | Error: APIError(code=-4003): Quantity less than or equal to zero.
2026-08-28 04:35:03,943 [INFO] TradingEngine: 🚀 [ATTEMPTING SELL] Strategy: MeanReversion | Asset: BTCUSDT | Qty: 0.0003 | Entry: $81,116.70 | TP: $80,358.44 | SL: $81,622.21
2026-08-28 04:35:04,633 [ERROR] TradingEngine: ❌ [SELL FAILED] Strategy: MeanReversion | Asset: BTCUSDT | Error: APIError(code=-4003): Quantity less than or equal to zero.
2026-08-28 04:35:38,474 [INFO] TradingEngine: Dispatching hourly status report for $98.67 account equity.
2026-08-28 04:35:39,196 [INFO] TradingEngine: 🚀 [ATTEMPTING SELL] Strategy: MeanReversion | Asset: BTCUSDT | Qty: 0.0003 | Entry: $81,121.00 | TP: $80,362.74 | SL: $81,626.51
2026-08-28 04:35:39,869 [ERROR] TradingEngine: ❌ [SELL FAILED] Strategy: MeanReversion | Asset: BTCUSDT | Error: APIError(code=-4003): Quantity less than or equal to zero.
2026-08-28 04:35:57,331 [INFO] TradingEngine: 🚀 [ATTEMPTING SELL] Strategy: MeanReversion | Asset: BTCUSDT | Qty: 0.0003 | Entry: $81,130.50 | TP: $80,372.24 | SL: $81,636.01
2026-08-28 04:35:58,033 [ERROR] TradingEngine: ❌ [SELL FAILED] Strategy: MeanReversion | Asset: BTCUSDT | Error: APIError(code=-4003): Quantity less than or equal to zero.
2026-08-28 04:57:19,355 [INFO] TradingEngine: [SELL] Strategy: TrendFollowing | Asset: SOLUSDT | SKIPPED (Already holding SHORT position)
2026-08-28 04:57:36,433 [INFO] TradingEngine: [SELL] Strategy: TrendFollowing | Asset: SOLUSDT | SKIPPED (Already holding SHORT position)
2026-08-28 04:57:53,329 [INFO] TradingEngine: [SELL] Strategy: TrendFollowing | Asset: SOLUSDT | SKIPPED (Already holding SHORT position)
2026-08-28 04:58:10,292 [INFO] TradingEngine: [SELL] Strategy: TrendFollowing | Asset: SOLUSDT | SKIPPED (Already holding SHORT position)
2026-08-28 04:58:27,335 [INFO] TradingEngine: [SELL] Strategy: TrendFollowing | Asset: SOLUSDT | SKIPPED (Already holding SHORT position)
2026-08-28 04:58:44,299 [INFO] TradingEngine: [SELL] Strategy: TrendFollowing | Asset: SOLUSDT | SKIPPED (Already holding SHORT position)
2026-08-28 04:59:01,429 [INFO] TradingEngine: [SELL] Strategy: TrendFollowing | Asset: SOLUSDT | SKIPPED (Already holding SHORT position)
2026-08-28 04:59:18,397 [INFO] TradingEngine: [SELL] Strategy: TrendFollowing | Asset: SOLUSDT | SKIPPED (Already holding SHORT position)
2026-08-28 04:59:35,408 [INFO] TradingEngine: [SELL] Strategy: TrendFollowing | Asset: SOLUSDT | SKIPPED (Already holding SHORT position)
2026-08-28 04:59:52,441 [INFO] TradingEngine: [SELL] Strategy: TrendFollowing | Asset: SOLUSDT | SKIPPED (Already holding SHORT position)
2026-08-28 05:35:46,745 [INFO] TradingEngine: Dispatching hourly status report for $100.17 account equity.
2026-08-28 06:35:54,333 [INFO] TradingEngine: Dispatching hourly status report for $101.00 account equity.
2026-08-28 07:35:54,949 [INFO] TradingEngine: Dispatching hourly status report for $100.99 account equity.
2026-08-28 08:36:09,494 [INFO] TradingEngine: Dispatching hourly status report for $100.99 account equity.
2026-08-28 09:36:22,906 [INFO] TradingEngine: Dispatching hourly status report for $101.00 account equity.
2026-08-28 10:36:32,948 [INFO] TradingEngine: Dispatching hourly status report for $101.00 account equity.
2026-08-28 10:42:49,180 [INFO] TradingEngine: Shutdown signal received.
2026-08-28 10:42:49,180 [INFO] TradingEngine: Bot shutting down. Reason: Process Cancelled / Terminated
2026-08-28 10:42:49,646 [INFO] TradingEngine: Engine offline.
2026-08-28 10:43:13,835 [INFO] TradingEngine: Bot engine initialized. Dispatching start message to Telegram.
2026-08-28 10:43:15,868 [INFO] TradingEngine: Dispatching hourly status report for $101.00 account equity.
